報道発表品目名,１．食料品,２．原料品,３．鉱物性燃料,４．化学製品,５．原料別製品,６．一般機械,７．電気機器,８．輸送用機器,９．その他
1988/01,224815297,299415570,463443583,146539801,264742318,82535106,84249611,46716836,183706731
1988/02,241040496,270358636,475641131,144029821,258819206,86780715,88653719,101877455,260469735
1988/03,280855659,287399082,459127075,167228845,239222447,106065511,110513360,73689910,239863144
1988/04,285953262,284561309,415547139,149151284,323275470,86184775,85248730,66627103,275447212
1988/05,290720835,309969978,388653962,153998708,288790602,96826359,92109645,60561200,247283013
1988/06,323240876,303916938,416265734,157126411,285910282,101411599,90569375,81408718,256771888
1988/07,340425596,303971503,470359727,160533426,307272908,98572862,98490722,63954463,254408578
1988/08,378473473,315452849,377139994,162235328,315464637,102064816,107485535,53299030,301799670
1988/09,340723188,306892473,354811801,175426989,309489319,109286639,105367961,41992055,324943628
1988/10,361859334,318521435,351472736,158101724,315254865,103934736,110230938,65465760,304049323
1988/11,344085449,293012724,344362759,162000493,306910703,106621325,111366282,69938967,282162633
1988/12,323199886,298447533,392399439,163642957,287938692,113679318,106336890,56642730,269007851
1989/01,275388672,326910726,428069003,167440850,300345353,109488892,108168852,49937356,258694692
1989/02,262427116,283001866,426742067,154851736,272802929,100021308,103978622,52087938,290548643
1989/03,377403642,386451090,489610335,213303268,359754149,137534970,139757711,57035953,383845828
1989/04,326248608,274433053,440374060,175124508,333437858,103945064,107324361,68614002,275182770
1989/05,372951651,374458344,485689000,197034406,359869512,127753278,130573160,67045910,285426117
1989/06,390672139,384028011,472518173,198830025,364675875,139052003,132916149,94077539,314798203
1989/07,379610227,370844339,455666557,192156823,370580105,133063897,140089654,90374581,340071648
1989/08,397738214,373494059,509255065,176837888,354867956,137856459,139715398,113265078,386456159
1989/09,359289577,364691322,505437401,167939068,356314641,143429111,139403759,66239326,382636618
1989/10,372470412,376977832,508973161,182591902,410633803,145588292,147954278,92339037,381397448
1989/11,390942046,357620215,556487717,179544160,379195687,151395989,148230762,104504524,378599720
1989/12,359105547,336795669,637355998,178634164,365332390,148991650,141768037,105003140,380156725
1990/01,319139306,357942174,626161256,184324352,360048598,158799088,148235903,122846259,371397919
1990/02,302549962,330986582,600764016,180227490,323390674,145730962,128048004,124027271,333093480
1990/03,408457039,355280813,664603939,190200632,349072264,167344081,162209634,140909683,385411074
1990/04,395995058,367475391,614275069,206284062,424797840,176412457,146145445,168508194,387759079
1990/05,431657672,403902641,587595131,200563177,412181486,180818182,166289872,140352914,376183344
1990/06,414357123,352529010,475389027,192168127,361284066,176976238,155332842,101420961,374890219
1990/07,412829552,364088246,512105049,205028081,378194015,177014798,166340145,148310342,458656058
1990/08,406140686,365233377,566457717,200705247,378088084,185271885,155357164,102703184,470313702
1990/09,342488742,309073149,664857820,176857788,341370854,148824928,142151787,99607722,485791497
1990/10,395603206,344787768,836156715,215693053,408646923,185097753,168997396,115753395,472167403
1990/11,387741099,281650916,942337466,182759369,386500428,160920626,156039077,164725912,352554356
1990/12,355394726,301397403,992483527,186001130,350151723,160507355,155731735,166523465,332275012
1991/01,332965165,337304577,799581447,209084621,374861553,163066255,160380082,124177271,326020173
1991/02,334923545,287711350,706320537,192343129,326849051,149577862,144513771,127093943,339093069
1991/03,372518443,303116167,854230987,212584804,341735873,159784156,161305736,104658256,311330092
1991/04,374818310,314107303,396368533,203344959,412423272,154943273,152098306,94700781,346881602
1991/05,442050992,354751573,565341896,221379172,409190416,171988207,173755895,116845695,339650327
1991/06,385855617,320388783,533077551,195917194,365756574,155992561,163897783,105633509,303408625
1991/07,419055589,325046124,578714651,198369957,396305324,175813453,185911496,121961268,376971046
1991/08,388181559,308598473,571909990,185950358,348833363,160748802,166725057,121878008,364137678
1991/09,349950695,264135060,539463996,160638726,328782603,154298102,166858644,87866563,398573375
1991/10,430166927,296642640,582475692,206584000,373451681,170074815,180281127,131287243,429009629
1991/11,423147269,279210996,593915971,177987042,345225638,162398934,166920043,180510906,368507321
1991/12,392364102,274865155,643661340,183401963,289461651,157614760,152854464,88491697,342259932
1992/01,356983116,303735171,603658001,190215962,305419086,162464961,161847124,125198143,336828282
1992/02,330183068,260771902,517978265,175757860,264661375,138403777,139239144,106161678,315332491
1992/03,403779222,288500327,514855376,195949635,276744755,182834462,171662828,125050277,373181738
1992/04,458709772,299346273,607265138,185138210,353535660,149830807,144831608,101782148,379205200
1992/05,401766524,278159218,492922937,181039400,287158198,149838345,142200014,109793638,304890106
1992/06,414791486,277757796,517215028,181502266,294545245,159147123,164642530,122093373,324330300
1992/07,415632808,280978420,573709191,196723440,286292391,160842858,155761846,114565942,363496430
1992/08,386467571,267186731,570940623,183136665,260950511,146907255,145018241,91313838,377245833
1992/09,388453040,263921484,551234801,175514159,272478380,149987731,158451224,64849844,406301673
1992/10,417382333,261416612,537944671,176772028,272573977,144855121,159187939,77491751,400084477
1992/11,378268411,256608805,562820536,183207607,272496975,147186966,158717772,125599833,334535215
1992/12,375337620,257852784,626966621,174242754,262033681,151213174,150780415,125689084,316952899
1993/01,334832218,278363895,569003660,185588744,272729912,142844456,154751648,94989305,324261725
1993/02,297189673,251024354,527182561,167746625,245677139,143098000,149355246,83757523,292280352
1993/03,393487167,281817452,539312659,190411880,267093890,168493037,180315503,130001502,359415044
1993/04,387246767,278710108,493175051,163984137,314354633,135940944,146113552,93378725,336902967
1993/05,355620430,257149199,422981735,171953641,258017789,122790669,150774762,110354384,274505510
1993/06,383092596,264276430,437750504,166134863,255889012,142674362,166504642,116899275,291235066
1993/07,384394768,260343839,441192886,170463442,262482000,131424164,157066159,77315767,322368461
1993/08,353436154,245140795,414718464,162151676,247764077,130511400,156808189,73757691,363278993
1993/09,340877001,224132387,405565703,148072464,254826155,139649711,161475978,78376471,420205931
1993/10,382101587,239506839,372347110,160719085,249491489,135958902,166535610,62254240,392929797
1993/11,389148587,234665998,411880219,165495359,268043664,139278581,189714602,112098808,354745245
1993/12,376481427,222512217,439078831,152175165,233417136,149264631,170568981,98944503,305760977
1994/01,337671834,256066902,412005112,164983201,261072192,147452111,192238289,108634783,348214445
1994/02,315618754,213334848,381260656,153316305,229712698,145627886,174460587,95806155,332775420
1994/03,431007144,240921705,433375583,169311246,252999933,182177256,200103822,109938251,358498258
1994/04,412201164,233192618,374989021,166292783,292394551,133491847,172507266,137500677,358062343
1994/05,411223928,261104185,356164678,168307754,276351195,149675067,194121084,86513356,322898663
1994/06,436388867,258660760,366381855,173577237,288079528,155062487,202131366,125106201,329432372
1994/07,395506894,226178413,378214221,171601045,264518141,138726426,191091700,97913200,349749382
1994/08,417176567,260448446,455680164,187505161,278439998,148168527,202404012,127056453,435908608
1994/09,387468549,232454436,423774005,178465255,278495913,161004089,202423563,82776568,454595866
1994/10,409370584,254608077,398593240,184153446,300078400,152850173,224659797,127366668,460726139
1994/11,422481123,241337748,433132085,185778251,307212959,167062441,229612800,114661421,420687105
1994/12,394762199,248641479,476866855,164939106,285329164,168523296,214479048,130855148,367414760
1995/01,335834727,264908085,454754045,201786114,313812051,176382532,231018463,112403446,353074891
1995/02,336046089,252888247,440552269,188942439,290847552,181011444,209979231,104703934,368440790
1995/03,402105042,267832006,477714096,196603259,306154780,228202440,253356217,128675691,455042500
1995/04,401539408,246504960,398292111,188605795,364498588,179737943,210650593,134537833,414505397
1995/05,386629013,255658774,361730947,188965603,315612441,181632078,239935055,114860471,349490298
1995/06,395022279,256753078,372796446,181811824,314699739,197553212,244198326,111983477,349199408
1995/07,406993265,245480615,354485565,185328809,297902385,207948638,258204672,108285622,384357425
1995/08,401604120,263392543,399962900,184569972,319868345,223314974,277789479,95676261,493660895
1995/09,393442374,251410412,410216117,190090700,310778956,230862712,297095321,101976230,513356224
1995/10,482202090,271126877,415015219,212022263,357802019,243115440,348870373,127817689,562106530
1995/11,425889367,251131755,449075771,202168879,344254679,266205455,352883302,155662391,483898610
1995/12,416532308,257242352,488277707,188263947,324824071,284160770,352771483,163477468,423422058
1996/01,369999673,283464992,520266043,206120767,344478128,275307708,356016469,156425890,452414830
1996/02,378469089,259494639,554261059,199952981,339165219,282440865,341756300,112561809,511771701
1996/03,400996121,245777116,537537934,192135454,312831579,313256492,371295324,157578792,461497657
1996/04,552271866,285190845,519107522,214016711,406949080,282615216,356572377,161356338,551264278
1996/05,520403489,284338558,492372859,220594681,377680593,291444122,355854120,165649672,468507391
1996/06,506271259,265127875,430967012,191642231,334552879,291726788,346898394,138071410,426108210
1996/07,503289593,288476381,540569472,227461912,378850190,314863313,370881031,143371896,557791854
1996/08,439131658,272972186,548366339,204522892,331202177,276014319,319605225,142340434,572693221
1996/09,409571407,259551670,518618925,222302106,343740331,285942502,347430507,113964271,596146439
1996/10,514289214,310204931,573860065,243243579,390465391,310287341,375320646,133612551,648958115
1996/11,479732704,273235780,612130220,214909079,363071032,308177915,370127234,144459935,532509287
1996/12,448971638,275879967,739674339,198713941,329181811,317828896,359156664,157301651,463614522
1997/01,445035984,340140582,723039219,232013112,405350492,327454867,391371117,175396639,525998738
1997/02,405073330,306641401,737467803,213437727,348182142,316091148,345437797,133590519,503754163
1997/03,467120855,322352676,694893101,251063667,383063413,399343556,428494193,191338277,602368076
1997/04,503578796,326899558,691752501,251293820,455856059,321849370,362866166,138904219,566787825
1997/05,492833368,315510340,571138094,247989787,393619596,334576349,387481716,157244305,470292072
1997/06,440150228,282647979,497850930,226777251,364720508,357879422,394573673,142042209,453519385
1997/07,513382332,304759299,573159115,255929610,392358987,326577696,388644787,151091768,536187039
1997/08,453817923,275078956,556724262,213045267,368172898,289990306,362934985,166160524,531139003
1997/09,440755522,274763557,570427948,241006666,383084091,329921849,401107748,109872137,609046286
1997/10,511251818,298139517,602877032,255844809,416360211,330482359,416842363,101569495,606716008
1997/11,427464714,247547169,585869525,219792935,348604625,299643055,384220334,167367906,481774498
1997/12,478417919,262686227,737256289,232667048,354672503,355186424,392487396,139528948,515620765
1998/01,422702596,288390163,617405860,262518691,393409578,348048355,416535056,162484314,541844366
1998/02,368649015,225228036,525359521,213947656,309659255,296300154,336700801,118370369,422583580
1998/03,452066291,258447186,497051366,231753458,348417598,370430626,414019314,235375372,543100515
1998/04,496104767,251468608,461007319,226224286,379745441,303486085,342597405,136014903,527360312
1998/05,469791854,229323905,386426717,225689488,309805784,289939587,356316012,147904533,409015202
1998/06,477140987,255403225,445886079,237750738,333291443,365300464,399136357,148623334,470388509
1998/07,501530136,258436102,489522905,243896793,337556387,330693192,393171096,154769870,541520023
1998/08,462449875,237518331,477461931,215297407,305723526,316699116,370084305,178523982,559286374
1998/09,445383043,229140685,437052333,231631201,301416905,329878196,396066107,100665968,583757883
1998/10,460034965,225171345,441249900,224074402,307158878,306151383,374364948,135943889,541255135
1998/11,440422624,207066223,396325091,215050266,283950350,295142734,357534873,149623942,443820178
1998/12,414957150,202472343,448409788,198372353,266378732,300914214,350014356,96213656,440497357
1999/01,392520742,227169459,383174124,209050394,270820698,286302189,352699784,146738447,428105901
1999/02,364663185,182131458,357608008,203369681,250584492,289183384,329800838,246399196,438342255
1999/03,417176937,226291397,411535090,236654493,288985143,372401749,396427917,143382039,509383878
1999/04,486295916,228644921,413632480,216350253,323251550,282818837,353537100,179711593,502362064
1999/05,425357673,220580154,375525918,211683450,297713576,298729196,369892606,123375322,418156227
1999/06,443399705,217002368,440923508,231125828,302806025,345344076,384001251,114062933,445810485
1999/07,448187774,225139274,447069531,227609221,310959982,311680708,395386757,114082998,497125532
1999/08,408441727,211959983,555864772,212610462,307253710,290899326,389138613,121753601,541928334
1999/09,382870876,196397981,492667738,215002768,290177739,299817198,382204799,82661518,553731615
1999/10,401355445,198610657,516286609,219272954,290030574,299274039,392745996,123290081,522804653
1999/11,446794362,209678887,596550943,232486566,310627098,334039558,436702211,150218859,509118012
1999/12,422998237,207152675,655462502,221720294,293085084,329175228,407402835,142134231,473367043
2000/01,371923366,216313775,597729264,206972366,292961053,319069986,405217853,137824935,444179752
2000/02,365551647,203709195,640689934,208549344,291330355,322247225,393798584,76692866,454965428
2000/03,424608459,226748034,744286551,242761058,341773284,423357339,493328046,134447897,563472908
2000/04,431582213,222400012,646733161,226021633,336916567,310504612,395664196,115465006,551700857
2000/05,434312818,234921050,589789964,244354959,335567529,363038442,459920421,122323036,492207274
2000/06,418740427,218291525,619592086,236487195,327695948,398194941,473729699,127446336,474412301
2000/07,410201744,225906702,644349850,223313589,326029010,366173446,480194022,132422447,504153696
2000/08,414966639,222767199,761989569,251597852,340423384,363858376,522021140,124535141,596419764
2000/09,380289424,205860725,662469762,226455497,308911278,387603165,526758294,95937274,591754618
2000/10,428669464,226625641,764771862,269310520,349114634,422457874,561775425,126193457,638317038
2000/11,442156005,218437482,780163390,254475024,348520492,395892813,560055786,112842278,574942353
2000/12,443352556,220018218,864072613,264655029,337710575,428159251,552484690,149198096,554162083
2001/01,392753746,243555693,773669021,281282020,356608208,421175301,548466380,129102610,575834098
2001/02,357433764,214604459,687291230,250075663,319735938,398019885,504524810,96213156,493783256
2001/03,457888572,215064122,835904276,276554827,347371095,482786596,570753803,136872761,688132260
2001/04,460236875,240288657,748375478,265640291,364557155,367383897,488900532,108539481,624800739
2001/05,484384318,249226576,721856067,279247726,369351086,401049118,542716289,131577359,560226633
2001/06,430265068,209833030,637558942,251932616,315473287,419929053,503222541,109237780,502253573
2001/07,461325542,225924094,740077873,280537074,332666203,368537675,493259002,116091378,601580890
2001/08,418346187,206615835,778724051,233708498,316557418,336889897,442038841,145862215,641410825
2001/09,382116444,177630480,626120650,227102981,279908615,319358682,406297381,106542453,594810410
2001/10,467910373,210257789,718507513,269994289,320466068,348565925,484724292,123884120,668248544
2001/11,479293473,192252948,628174186,243748690,304500150,361186636,468036594,119823823,600403393
2001/12,458601049,200819748,627398113,241298446,279473531,379862981,440436574,124653802,549446641
2002/01,424839956,222958539,640945167,280525295,306607105,384306286,447732389,132915534,548608783
2002/02,396114505,199592453,635019078,229749305,280960709,397359347,439336149,111031062,555185402
2002/03,425339122,191551790,604730828,258140805,301709772,449405536,508383862,141386523,634560116
2002/04,486959925,216388467,668356265,262695583,328562526,366322998,476865171,127583043,639895736
2002/05,470305886,219236698,641272289,280810715,328500132,404356224,487307210,160507267,542716996
2002/06,405981857,180738361,568521337,252030469,292820933,393550457,476902691,159111098,479856146
2002/07,465373917,220950556,674306190,300217368,331578824,375857871,500955206,188592366,593805333
2002/08,410014922,197921002,695557616,268317172,310358915,333676369,448716990,165320309,599015199
2002/09,399062407,209884511,644885983,252766504,309294047,343174747,480355965,150485142,608806526
2002/10,438834711,232410965,743424165,290655028,346329619,373413398,519872139,148788273,663901289
2002/11,493639531,204481827,790956401,282250780,339939086,378652996,513800543,133420345,612952067
2002/12,465869583,225688420,865949579,281326990,320542566,382549799,502012557,153501404,575938029
2003/01,409226489,239932455,851146950,300520402,344366366,399866116,489705172,135848200,574711030
2003/02,359020794,214698206,887908112,252946952,295822386,335738360,433988619,120984710,496465223
2003/03,406985519,217251629,921807709,287072279,325832576,412879591,509904851,120972314,642988141
2003/04,467954338,230496000,832836519,292586718,349226567,353129956,470698832,179080331,604467568
2003/05,449540903,225144049,748575309,282852765,343251643,396873606,484193379,166685412,514944739
2003/06,413706515,221684961,699191498,293397541,340405743,419284530,516340942,175272633,511394289
2003/07,478826975,230858364,766515341,310786455,355532075,399450266,517960280,175795317,618278794
2003/08,391562687,225533106,749323279,268195676,327062903,352405696,486591076,143779066,606948673
2003/09,412800585,218675866,722661330,300599300,340960201,408521526,544829884,138668023,673075159
2003/10,454069670,225325018,678146456,311468535,368067755,410478959,555838906,158400851,669072639
2003/11,418204504,185591346,666349221,270056976,326840396,391053261,530585915,186373819,582438298
2003/12,442676024,223321766,825462518,287795631,345395657,421871129,529005739,165737657,594388366
2004/01,389940646,248594492,798530421,297165586,369881048,420215580,521440639,160273745,579894927
2004/02,360339238,202741295,753880014,273204605,316727399,371883646,496967773,98822458,497410392
2004/03,460930775,262286131,837052480,346023548,398285472,497038598,626100260,188911656,707205738
2004/04,489878574,263375499,833618061,301129365,411491548,405949570,542891124,166335105,616894014
2004/05,439764820,265105652,739119539,310032775,399250347,410777127,562337366,131878126,535286962
2004/06,463214495,275993114,832758496,328262104,414633024,458323229,607543156,187490622,580402876
2004/07,469850881,277276161,896575309,336855843,420104551,421354470,576600657,151705135,628507568
2004/08,431763017,263104462,998843071,316775734,417392951,400325696,572275543,151720696,660342085
2004/09,406420213,257811631,932521785,320711167,419298194,438954800,591854174,146431452,718567036
2004/10,438661111,252111991,976417243,325839216,425192718,426060278,571669137,221518995,680483241
2004/11,491605199,263398009,1038398067,348927316,462773525,465852092,613249528,179025918,694672080
2004/12,459786079,247127544,1032875145,311253297,407477828,454472678,567895041,141395119,639068417
2005/01,417692207,271369718,952230823,340989262,448289171,448674124,565781125,138866674,639344681
2005/02,373379297,229236621,915101559,312572513,371847795,396950044,510243342,89604437,563307917
2005/03,446971939,276042614,1073155636,362823139,443399749,524226363,606543207,200348637,731900987
2005/04,507306825,284551571,1042607922,360670728,461036046,456399750,550413605,205441112,688361454
2005/05,493397703,292059592,1114769340,367054753,462302690,445719345,563028449,151879864,620259329
2005/06,468068628,296254761,1120327801,360760168,458879882,489025458,621068078,175170162,630306373
2005/07,476073868,279559865,1198962394,361488251,445128192,462452792,606848754,183008650,661300086
2005/08,476580273,336734405,1386499996,361283085,462437905,468909417,634823822,216121463,774027718
2005/09,439866130,286306078,1394281192,363800416,437362665,485205415,637784480,152832764,781075628
2005/10,463557816,315970561,1382976015,368921720,471822108,469827580,669550172,176720170,773364491
2005/11,504293050,327092423,1424886444,405037725,484276018,499613092,718768743,174843698,780341872
2005/12,491635507,310059971,1553933223,355828013,470014806,513674715,716991693,197704808,818915073
2006/01,440843906,399426662,1482684755,394343956,506341325,523166775,699270682,182106331,769877130
2006/02,396829831,332284077,1582836977,359156913,422686402,467171901,621040377,137818941,619898941
2006/03,493723296,349194578,1623330003,412934859,516728851,611456751,764260546,214612376,888765956
2006/04,488952127,394068023,1589912180,390620599,531756244,506718204,662987310,144927551,808287021
2006/05,487695439,389260507,1415614750,428188087,527646772,496612313,677846312,201218662,723009507
2006/06,483858311,401270647,1494712897,408253077,552812037,521475405,706516531,175477591,726621668
2006/07,463098252,384515316,1529830382,388685947,543583281,505402300,702407151,197437388,754581939
2006/08,469887862,399173535,1779717586,422308000,570429287,513881087,717994154,221826245,853500158
2006/09,436849671,419035527,1647468059,418733607,560897595,517618527,768611250,187857957,864609862
2006/10,501465160,452856951,1514019630,442714940,619677727,525582176,788961645,232091891,906721213
2006/11,527884637,405271560,1390546416,436244980,614324136,530297368,788983408,176048507,852070306
2006/12,518552936,406946434,1605879425,407147080,587344470,520515001,745850411,188036994,869202875
2007/01,475166761,488236355,1544647259,455704901,625824322,550916111,774327028,205886619,830166977
2007/02,446442444,396218768,1403265423,427617617,574751098,523952767,716067156,166015645,800294607
2007/03,497967111,463502053,1530986020,470089771,566917865,573522500,784359588,218925951,804073311
2007/04,503678843,480300359,1392221986,424374998,639070295,529317019,709126065,212552474,839804928
2007/05,555331043,543123164,1554499421,488859097,670452146,555306030,762029697,237728591,804972668
2007/06,527292632,488162870,1586342203,459103019,661056599,559941648,784096226,217529444,756559890
2007/07,516862762,535545593,1723363827,482108655,655559077,575531281,824593498,204475689,863107169
2007/08,511814152,471598665,1846839838,444760200,624604894,530642885,771711381,211490553,877562934
2007/09,434764236,449845208,1563343347,417641931,551586094,489371034,726465289,192221377,821562053
2007/10,514693375,488988214,1796455714,503379605,645840504,551366216,822455346,245363646,938510762
2007/11,536308877,440310837,1981401852,461169322,612737318,529923757,847383753,227455191,847499780
2007/12,520495297,424432782,2282738024,436374767,581093604,545085929,787136062,194164673,795502215
2008/01,473305644,454178115,2123801765,486917045,592547901,547119504,781363023,236085368,819316341
2008/02,450308204,407755459,2159702748,446170731,525304896,479151727,698776946,181138304,689545094
2008/03,493356727,437034449,2233355197,466829645,572605098,568463914,790864752,220134457,802865815
2008/04,543497614,444558782,2163225868,461093499,639490171,527384004,696629339,166610039,788237301
2008/05,570881821,449764863,2188118746,495175943,664028498,517883241,697915001,178881091,703011424
2008/06,552812410,513931169,2511480460,500197254,697985338,527630895,769605424,245033228,729360221
2008/07,548065174,500899787,2932180669,533128353,694308980,542519429,777091075,193749848,820638410
2008/08,527747314,499234217,3038218097,461185796,638339916,476149016,692722469,246117047,785957689
2008/09,516670415,541088555,2637212757,512866446,664178825,523515636,758613012,197481494,918704425
2008/10,564029287,516953434,2409460606,524328600,654986692,508961722,740800283,159222366,911281863
2008/11,481082760,409295204,1706259170,434928338,530610094,441290535,642600558,145421088,759520090
2008/12,490069673,363752854,1555233448,414536763,461897316,413808966,581445122,146204272,725761458
2009/01,413591817,322024046,1187205391,408399126,433917969,382152181,491228713,119943808,687298509
2009/02,354649520,234237543,1050005284,310745297,270113971,292670834,392618948,96071904,457614446
2009/03,428721913,241514558,1103597361,351460282,338384757,386270574,497008867,143954842,698288136
2009/04,448840526,267212040,1105241218,372726053,342671243,353376811,467486623,100277372,687888013
2009/05,429883911,268465686,915365397,326802514,312675388,357154704,493704340,92797634,541710604
2009/06,449100440,253986605,1001385619,387953184,341326690,371389443,579806480,126723965,595745806
2009/07,452904836,295241152,1269701305,397737483,365485386,349076892,584244151,103970179,658971121
2009/08,392773232,312323144,1252268156,400334435,341445159,315448572,552538775,114520470,662934246
2009/09,379984207,290203973,1311409720,399718462,390342820,347558950,596806563,145718398,730013292
2009/10,427695588,299643414,1155892536,418322472,402383539,342827382,598139700,166282320,697072401
2009/11,397884285,290867495,1297350603,407592456,422875720,360422777,649809996,132574636,663527909
2009/12,423364191,319387248,1552178962,400838140,382929832,366444008,605337801,157826393,660841990
2010/01,383415441,362674532,1462213222,443637030,414081653,388705640,622671029,127268671,653138782
2010/02,366668673,289197648,1418337800,399732808,379994503,350133586,573379910,99391879,612032936
2010/03,421302381,339663257,1518168669,470627370,425284639,414187339,679727845,134997524,664529922
2010/04,469138569,365123125,1562841894,434326213,470367297,405867480,622603372,131236161,698998760
2010/05,449271641,414717050,1385452102,467334652,464013443,403609361,650777706,146202485,618098894
2010/06,472264312,421534812,1380476737,466926715,495979319,474692862,709810691,148461078,626550799
2010/07,465068285,416370494,1454379349,451612135,462167491,412686941,707402101,158804926,668802690
2010/08,456750055,440346463,1452501908,452993952,452652116,376883440,686023945,139631026,688221569
2010/09,420465359,398690150,1370535217,465572444,446008837,404787383,699940240,138340443,720980573
2010/10,397675970,441525933,1305004703,426732468,437625316,379922525,689729418,143554678,688097784
2010/11,444538046,407296787,1442566038,454394162,473460742,407292821,757301677,167316265,728017199
2010/12,452861104,468739921,1645480437,445549449,456961131,406938510,701675084,146150045,668086876
2011/01,425341439,436813849,1686263557,481180672,479900509,434919034,702570396,131188151,689112902
2011/02,397844388,370686370,1699920346,432874329,408107620,354782322,586612168,128914120,572292460
2011/03,462645326,471233838,1758370126,485807830,508139122,434709492,694150250,144517892,728013100
2011/04,545614924,418802164,1802494813,527361549,539546125,404734111,567406828,135941922,692483051
2011/05,528168078,460263424,1737541524,534772751,568128832,425343591,618953072,113106171,633703571
2011/06,517486435,456146131,1734283857,537365224,544209073,428688823,719250874,143245746,629485326
2011/07,486383128,474029077,1811357037,541561991,503320260,431448359,685298801,118373126,660251116
2011/08,511082932,487264534,2061708470,531664573,540640045,416084732,669144213,161528284,754018492
2011/09,464266063,432962866,1817293423,525902769,478107594,402092778,639499911,157746101,767174509
2011/10,475641593,453372669,1770505951,517541822,519766175,414557169,719779798,169759616,749016586
2011/11,531289911,412917985,1849192358,544191582,507000751,415058759,723636718,178273190,725848915
2011/12,508457843,395854385,2087218346,437412662,472333703,407323045,662530336,154982277,706078251
2012/01,479930640,436632027,2078723404,501869121,483677638,410654145,685783250,186658292,740410870
2012/02,417787998,364490606,2102153747,427225910,392146316,377769525,630172180,159622185,545361600
2012/03,482883563,415695488,2279600029,490433334,462556289,464291670,712132801,210874963,766761241
2012/04,506110443,385801884,2246650143,493303241,463025937,429904074,645660637,190809974,722060031
2012/05,537069228,459546443,2083480010,524795972,504502204,459216777,687556205,190396535,698225783
2012/06,476185466,395609143,1828554967,469897757,457637822,416557119,694504921,188112059,658706877
2012/07,497028897,405528506,1816443097,523855093,475179344,441126538,741121428,201919591,738558959
2012/08,489345231,410721333,1938000404,493640236,458293286,377967396,653143989,197585849,794142917
2012/09,449061170,335051870,2148930079,490581026,437736546,369165263,705230080,195468390,794902876
2012/10,513592606,419000241,1577939892,516430021,469230831,424602131,759216487,197536386,826657764
2012/11,507081906,392292990,1805425787,530840841,473823380,417786303,840922409,202845467,769201224
2012/12,496181570,347649027,2182312288,463443526,429798650,414849677,682369530,189984850,737706178
2013/01,492825694,417571552,2262873724,519218866,484729352,470254802,785632264,197238624,801345422
2013/02,470353858,386906969,2356805974,494598098,400657965,406761460,688620648,164537435,687352969
2013/03,519859065,412208552,2420829746,521905134,471998303,477999556,794812179,217579179,789954544
2013/04,558157937,414234398,2326577993,537971174,532888976,468509308,754356024,190872312,869567368
2013/05,604034037,541716865,2141220345,570165976,536545362,509025062,850993853,217946906,784877352
2013/06,506527203,424294015,1962603724,506168345,502605099,511063409,830643115,246794799,748438474
2013/07,578344552,501074930,2193219017,600356613,564353162,548526180,840196682,264240594,900641898
2013/08,546175809,487063935,2279626464,511620859,532383298,460302191,796779683,242602269,896963576
2013/09,498898592,455153841,2128082397,550958611,535606898,509399439,1034732627,248722333,952644730
2013/10,563361145,455550568,2303586825,573219251,569368238,527197028,972263550,226508704,1012340452
2013/11,560992822,426162809,2357965271,536969593,559109065,526308358,1033290038,320547149,878557001
2013/12,573564753,435677351,2710438106,541019280,555207442,553535550,926999694,250657639,869244944
2014/01,559980377,500472562,2772632677,605087243,625911734,646571750,1051670438,278392213,1006313413
2014/02,444165036,432228708,2456452142,497157065,473540005,502411909,842592453,246294189,710457418
2014/03,519849521,457511746,2780673849,582927538,589304467,636327480,1036853153,285796277,944167514
2014/04,562496121,481094194,2188348239,587185607,582831795,545457762,858041749,204325360,882928334
2014/05,593349537,500395271,1940205673,582528701,577347925,539514696,809102410,205791214,774996714
2014/06,558165247,470552542,2130889789,561266486,573542393,584107079,895370488,211834427,788344440
2014/07,600085116,478560479,2348483556,608825540,602991615,572493374,829302539,242445828,875269791
2014/08,547527391,448213701,2220290378,536798666,543214514,472666773,778682929,247839266,862798412
2014/09,562544817,453278551,2196111142,583236531,604136256,543017130,1126568404,254299260,1020876151
2014/10,612265970,464640118,2167161849,607397628,625159287,571688025,1099253543,290960011,990545857
2014/11,560395524,437491040,2072043460,552470244,584006972,548934999,1142723126,298233029,890041420
2014/12,611024664,465172827,2419154281,559323183,611703795,597798116,1062336370,290061892,940810323
2015/01,576411589,484660451,2076125254,611818164,638614415,635263917,1034153913,284504958,959799032
2015/02,514567117,404773015,1580073502,566163519,575178987,574717933,962211122,214860786,974237674
2015/03,557782708,442670606,1759939109,625755802,568625427,600275016,1010554095,280642470,857033892
2015/04,635921228,440722792,1552122377,653327855,633737437,581250996,941703787,244360863,923963682
2015/05,583537208,408830170,1301267203,587998104,578344806,561684869,894904475,245593822,791060067
2015/06,609710251,441731908,1419586930,660304564,619737817,634214623,1001478179,278989255,899845749
2015/07,610824036,418051275,1669842075,728507639,610350778,627720042,1034661003,262121822,962183503
2015/08,560474166,387976835,1554265434,669893245,554921528,556253955,896774089,269982595,997183909
2015/09,566385710,372196672,1404450816,614379267,572725501,577750884,1118286875,241900417,1066511869
2015/10,615146289,360281743,1232318914,661760964,578185741,562373993,1110541000,287334863,1028560089
2015/11,576933796,329911029,1297661203,720370102,562868320,590063889,1064998423,284005145,939400098
2015/12,594408981,361268499,1370492819,647593516,545713080,566890367,944211671,231963716,936356113
2016/01,521742154,366641333,1152688552,634934424,545975464,569543926,1033932874,281065672,901016587
2016/02,495127581,341568112,1009688104,623833862,495286741,548936290,847693848,226157661,878506867
2016/03,524540162,337418963,1096351624,579678095,522261976,594725043,909281622,237144324,910504804
2016/04,547786263,335224758,787596395,588256554,498584960,505036972,755810287,239786288,820209678
2016/05,531941590,333206363,867258004,551079594,500237603,524815186,814852467,253156349,762736297
2016/06,532589743,334781235,898539981,601677047,512248772,537033722,896031049,238022951,787948020
2016/07,519540332,305521309,971520973,575819006,465874049,494252919,798500522,271254099,821624773
2016/08,514877685,315236590,1015445322,595684662,493403318,476732294,806840787,242686147,890109921
2016/09,499617601,326078540,935830604,545422220,495035092,508593117,996425731,250187677,925171863
2016/10,506604429,327307478,899464091,592400092,499690110,497075973,995749535,269443584,801356205
2016/11,583684733,327849514,1111130699,626398689,514657817,535305139,968750243,282193356,859914312
2016/12,584829446,361284485,1306492288,595638837,524542481,565342097,968073113,302946633,833866560
2017/01,537934088,383848768,1455816794,631421060,587783625,625470447,1089409357,242602900,971668157
2017/02,460266414,333594515,1394760160,564614478,468563982,521340295,823076255,235402407,740978259
2017/03,591087572,389242166,1494687317,662527503,591353523,630565526,1007328057,260190391,997543075
2017/04,584662916,380857375,1248713007,609668737,538152531,531494350,877680443,243624668,837082074
2017/05,595437962,424658522,1218912145,642723500,573214514,611176854,909231570,248572647,832087656
2017/06,601389008,423947399,1163886967,658934053,585956939,656314739,955996500,260459724,867839594
2017/07,586456394,408709705,1220005520,605454414,569552454,638071500,937652549,253887342,868227556
2017/08,605667089,406926215,1263024745,633069178,571773294,590812305,893706241,262509511,954235625
2017/09,579668411,382541458,1115553042,607537306,558981694,605266704,1022355954,286160368,998804106
2017/10,613756669,385881118,1239176755,649159638,585677588,548690776,1144863340,274829066,972315025
2017/11,644065010,406173274,1357555820,656929470,629279187,624036292,1235520157,289828611,971431459
2017/12,617254089,398642666,1667899713,644549229,588516721,630682862,1151306991,312038471,936806945
2018/01,582879655,442620646,1603145540,754995491,632578008,670360789,1134190607,254075763,974928001
2018/02,558059421,401159741,1549427454,698156977,573818933,631622343,928879958,225971377,909555094
2018/03,560212805,404210624,1603530571,673295472,564989533,672960925,942032836,308329415,868334315
2018/04,603558861,392339954,1372797909,654761476,591330541,606366228,889289292,229699703,861175077
2018/05,644579001,479551505,1474248886,772232986,663681635,676538007,965906005,339991949,887506079
2018/06,602650232,416160618,1274049766,656376366,641882710,629857276,940459766,273732856,890881471
2018/07,616013486,418744813,1597409848,781410023,637568341,680952590,1004151337,295569241,943493722
2018/08,616380687,439047012,1851289992,666650392,610703660,667512914,957700968,325774308,1000826437
2018/09,549469484,378852660,1587098831,632976280,574625575,607255607,1029955108,280381118,952105303
2018/10,652527428,438284919,1689040107,807238539,703648789,702992835,1260712252,307510459,1137771563
2018/11,648545651,414018665,1883602589,754781878,659674691,734408483,1256742223,306728461,1007697253
2018/12,611862153,366694998,1808406734,697153576,604561624,669146350,1027878083,342653244,949172662
2019/01,577067508,396811889,1563468495,772141800,640145823,687001390,1118049435,256702046,987088764
2019/02,527480328,359461742,1451016587,635960968,529941861,592957155,893333029,241671063,824831576
2019/03,571809987,383789528,1541939124,692777124,597723452,656253944,990282587,309744720,940534836
2019/04,674908965,418460335,1469858733,667031814,599753418,644394480,949274175,264677315,916947221
2019/05,619396228,457102965,1452689831,691925429,648570668,683020114,1000654146,375447865,874441656
2019/06,585896261,369276575,1221341527,660790499,571712236,592553563,910128193,265872985,819405512
2019/07,643762826,426530555,1452261768,729377249,630797683,699724426,1007292380,302275234,1005318749
2019/08,586185202,399459983,1379111797,639195023,550148006,569122826,873516711,326799471,967391383
2019/09,577518799,391714894,1282348593,690123711,566714134,614413923,1071940442,276857024,1026437885
2019/10,609820531,421085244,1267748438,664794711,586499033,616146784,1100928198,311373945,986612231
2019/11,614632004,420334436,1317274130,682109616,588619678,607528785,1031354748,280235868,925305177
2019/12,603101911,417166724,1551588633,637222135,557785418,619499597,1045246151,349048409,954587269
2020/01,574762871,405664553,1505525911,706985920,598412538,667198810,1025523295,247969614,1014269619
2020/02,476492343,382080989,1308673587,601903023,435363953,442202651,727399869,199797002,640789937
2020/03,574416748,390926088,1361912113,692908501,571268473,592992977,1016066425,284624073,867530481
2020/04,-,-,-,-,-,-,-,-,-
2020/05,-,-,-,-,-,-,-,-,-
2020/06,-,-,-,-,-,-,-,-,-
2020/07,-,-,-,-,-,-,-,-,-
2020/08,-,-,-,-,-,-,-,-,-
2020/09,-,-,-,-,-,-,-,-,-
2020/10,-,-,-,-,-,-,-,-,-
2020/11,-,-,-,-,-,-,-,-,-
2020/12,-,-,-,-,-,-,-,-,-