,01_スーパーマーケット,01_スーパーマーケット,01_スーパーマーケット,01_スーパーマーケット,01_スーパーマーケット,01_スーパーマーケット,01_スーパーマーケット,02_コンビニエンスストア,02_コンビニエンスストア,02_コンビニエンスストア,02_コンビニエンスストア,02_コンビニエンスストア,02_コンビニエンスストア,02_コンビニエンスストア,03_ホームセンター,03_ホームセンター,03_ホームセンター,03_ホームセンター,03_ホームセンター,03_ホームセンター,04_ドラッグストア,04_ドラッグストア,04_ドラッグストア,04_ドラッグストア,04_ドラッグストア,04_ドラッグストア,05_家電大型専門店,05_家電大型専門店
,00_大分類計,10_食品,20_飲料,30_雑貨,40_化粧品,50_ヘルスケア,60_その他,00_大分類計,10_食品,20_飲料,30_雑貨,40_化粧品,50_ヘルスケア,60_その他,00_大分類計,10_食品,20_飲料,30_雑貨,40_化粧品,50_ヘルスケア,00_大分類計,10_食品,20_飲料,30_雑貨,40_化粧品,50_ヘルスケア,00_大分類計,70_家電
,00_中分類計,00_中分類計,00_中分類計,00_中分類計,00_中分類計,00_中分類計,00_中分類計,00_中分類計,00_中分類計,00_中分類計,00_中分類計,00_中分類計,00_中分類計,00_中分類計,00_中分類計,00_中分類計,00_中分類計,00_中分類計,00_中分類計,00_中分類計,00_中分類計,00_中分類計,00_中分類計,00_中分類計,00_中分類計,00_中分類計,00_中分類計,00_中分類計
2012-01-08,88.14,86.70,89.94,86.27,92.53,109.48,93.10,98.27,88.35,94.29,106.38,124.99,117.32,104.80,71.96,66.65,62.99,80.01,92.70,51.08,77.08,74.84,75.80,74.28,80.73,80.25,,
2012-01-15,92.35,95.28,85.00,94.22,78.38,102.61,97.59,100.63,89.68,93.45,99.08,111.51,106.32,110.16,77.76,77.31,66.30,85.33,104.03,53.52,85.59,88.92,81.53,87.32,86.40,84.86,,
2012-01-22,90.77,93.21,83.84,91.26,89.50,96.27,95.99,102.75,94.80,94.31,96.33,103.15,107.98,111.84,73.88,77.04,63.31,79.86,89.18,49.22,81.76,87.24,82.11,82.04,82.18,78.98,,
2012-01-29,93.69,97.00,86.22,93.04,83.76,100.22,97.58,104.44,97.99,95.49,102.25,106.44,116.77,112.90,79.90,79.45,66.58,88.34,111.54,55.87,93.57,101.00,89.79,95.63,99.28,88.37,,
2012-02-05,98.01,101.46,89.48,97.66,90.03,110.59,102.37,104.78,98.18,96.07,104.95,112.51,123.30,112.99,78.57,80.20,66.16,86.02,95.79,56.10,89.62,95.96,86.95,90.09,92.57,87.23,,
2012-02-12,98.34,104.15,88.37,89.84,89.18,102.32,97.58,103.56,97.37,96.29,97.81,102.30,123.69,110.92,79.87,82.80,68.81,86.04,97.52,56.98,86.50,97.87,87.51,85.60,81.90,84.90,,
2012-02-19,97.90,102.01,90.95,92.93,86.01,105.34,96.66,103.32,95.04,96.00,99.23,102.54,119.53,111.68,77.92,81.30,72.20,81.16,89.11,53.35,85.56,93.78,88.55,84.23,81.05,84.19,,
2012-02-26,95.67,97.72,91.40,92.84,93.70,102.40,97.13,104.78,97.18,98.19,95.96,102.56,113.94,112.63,79.64,79.50,71.05,85.51,107.07,53.84,95.59,101.90,96.57,96.05,102.87,88.54,,
2012-03-04,98.37,100.38,93.71,95.32,101.73,101.39,100.89,106.16,99.16,98.51,98.02,102.93,106.10,114.46,77.88,77.55,70.74,83.87,85.38,48.55,89.11,95.97,90.81,88.88,93.36,83.59,,
2012-03-11,96.01,97.29,90.19,94.91,115.50,106.93,97.15,105.15,98.00,98.52,96.42,95.87,107.30,112.93,76.33,77.19,69.64,81.64,82.85,46.72,86.52,95.13,90.25,85.82,81.37,84.04,,
2012-03-18,93.43,95.59,90.62,90.55,78.32,95.76,96.01,105.91,100.08,99.78,100.22,107.95,108.37,112.59,85.16,79.42,78.46,93.10,102.15,50.97,85.02,93.27,89.47,83.16,83.08,81.97,,
2012-03-25,97.34,96.83,95.10,97.37,119.62,108.55,98.65,106.08,99.18,101.40,100.83,107.04,110.56,112.33,84.67,78.16,77.09,93.41,99.28,51.91,92.52,97.61,95.56,90.99,97.80,87.70,,
2012-04-01,95.94,96.87,95.18,92.80,88.98,96.75,99.24,108.56,101.58,104.41,103.23,111.13,110.72,114.56,83.75,77.55,76.89,92.18,95.23,48.96,95.70,100.00,96.44,95.22,107.72,88.30,,
2012-04-08,98.24,99.53,96.64,95.01,93.85,100.67,98.47,106.98,100.56,102.87,101.77,111.94,98.94,112.77,84.14,78.54,77.65,91.89,105.45,48.25,85.42,94.18,92.11,84.32,86.39,78.28,,
2012-04-15,96.62,97.37,96.90,93.35,88.58,92.87,98.55,107.84,97.33,104.85,100.22,109.78,96.93,115.02,89.08,81.11,86.52,96.26,99.55,47.44,88.42,95.05,95.24,87.96,90.89,80.52,,
2012-04-22,96.07,96.34,93.77,94.00,115.27,95.11,97.13,106.00,96.25,101.66,96.61,98.24,93.19,113.79,87.21,77.34,79.67,97.75,104.64,46.12,88.43,92.88,94.08,88.74,93.13,80.20,,
2012-04-29,95.69,94.32,100.52,91.79,94.84,88.94,98.57,112.12,100.25,111.00,106.92,123.33,95.72,118.74,92.75,78.05,84.94,105.81,109.43,46.04,97.46,97.68,106.30,98.71,110.00,83.62,,
2012-05-06,102.24,98.52,112.80,99.63,93.09,100.53,106.56,106.44,94.37,108.08,106.83,124.64,91.07,111.24,105.43,83.98,95.78,123.40,108.49,48.44,100.38,97.84,109.89,104.97,103.40,87.82,,
2012-05-13,97.33,97.02,96.92,98.22,104.04,94.47,98.63,107.09,93.65,104.48,97.49,105.92,83.45,115.67,92.30,79.18,80.83,106.63,109.82,47.92,89.42,90.34,95.06,93.51,91.53,79.34,,
2012-05-20,97.15,96.95,98.58,96.88,91.42,92.43,97.88,108.63,96.33,107.42,98.25,110.08,83.87,115.82,94.17,79.68,90.96,105.06,98.86,44.75,89.34,90.69,96.17,93.05,93.24,77.86,,
2012-05-27,96.98,96.26,99.97,95.05,94.52,89.87,98.07,109.38,96.64,108.93,101.35,111.57,82.82,116.26,93.76,78.75,87.32,106.32,107.91,45.61,96.92,95.64,103.03,104.57,101.60,81.95,,
2012-06-03,99.92,98.12,104.55,103.43,89.77,91.21,101.27,108.91,95.45,109.02,103.41,109.56,81.20,115.74,96.75,79.33,88.21,112.15,99.78,44.27,95.29,91.46,102.92,101.74,102.34,80.42,,
2012-06-10,99.33,96.96,103.02,101.22,113.18,93.98,99.27,108.62,95.62,108.95,104.16,105.60,80.59,115.10,93.42,78.03,85.74,107.46,91.69,44.04,91.02,90.16,101.92,98.40,88.66,76.28,,
2012-06-17,101.50,98.67,108.95,103.04,92.98,95.86,102.84,108.38,95.78,107.18,103.79,102.92,81.94,115.60,97.98,81.60,95.03,109.35,107.04,48.65,92.15,90.16,105.25,98.05,88.96,78.38,,
2012-06-24,100.20,98.16,102.92,103.85,111.03,95.58,98.90,108.02,95.81,107.58,108.11,101.16,83.42,114.42,93.97,76.09,84.96,109.83,89.66,44.86,91.08,89.09,98.09,100.07,89.52,77.23,,
2012-07-01,101.48,98.99,106.57,104.78,98.22,94.09,105.34,112.47,97.60,113.31,112.28,113.96,88.79,119.30,98.32,78.26,91.19,113.52,110.26,48.27,104.93,95.96,109.95,115.34,115.48,87.51,,
2012-07-08,98.93,94.72,104.67,105.89,113.88,99.36,99.48,111.23,95.60,112.88,116.67,111.29,83.70,117.81,96.69,74.82,91.93,111.97,91.87,44.40,93.76,87.95,102.53,102.72,96.19,78.16,,
2012-07-15,96.08,91.66,106.88,100.54,83.06,86.91,98.62,112.86,96.91,119.05,127.39,132.23,85.35,116.41,98.43,73.56,102.19,109.66,103.82,46.50,94.54,86.08,107.02,102.73,96.07,78.60,,
2012-07-22,100.50,94.49,112.05,106.35,110.52,95.51,99.97,111.86,96.04,119.43,123.85,145.28,80.03,114.56,104.87,75.53,104.89,120.57,104.97,47.74,94.77,83.91,108.77,102.25,97.42,78.93,,
2012-07-29,100.68,93.96,117.34,103.14,92.84,92.68,101.12,118.45,101.26,131.11,135.11,164.77,82.78,118.52,99.73,68.85,106.47,111.36,115.99,46.92,105.36,92.70,123.23,112.40,113.38,85.32,,
2012-08-05,105.28,97.15,124.23,109.23,100.00,100.97,106.40,119.95,101.45,133.85,133.88,170.79,84.11,119.92,101.13,73.83,114.40,108.31,101.37,45.39,99.31,85.80,120.57,104.40,104.18,80.98,,
2012-08-12,102.63,95.12,123.44,104.28,81.58,90.69,102.18,117.00,99.74,127.06,129.56,154.14,87.71,118.80,102.19,75.33,116.99,108.25,105.53,45.67,95.64,84.64,125.89,96.91,92.61,78.29,,
2012-08-19,102.13,94.91,121.80,102.92,80.79,93.94,106.13,111.97,96.15,122.13,132.23,150.75,91.15,112.66,99.57,74.77,108.44,108.10,95.05,48.59,89.32,76.69,105.37,94.08,85.26,79.06,,
2012-08-26,100.67,95.38,111.82,103.92,104.28,97.05,102.62,116.81,98.96,128.89,124.56,135.61,84.77,117.95,89.75,70.54,95.12,96.93,102.29,46.88,95.40,84.23,104.52,102.92,100.95,81.67,,
2012-09-02,100.84,96.64,111.55,103.74,85.69,93.37,105.83,113.08,95.53,120.80,113.97,113.44,80.17,117.07,89.90,72.17,95.42,96.95,88.02,45.65,93.13,83.43,103.53,99.48,98.83,79.21,,
2012-09-09,97.48,93.17,104.62,101.84,109.80,91.15,101.67,110.31,93.25,116.33,109.61,100.61,79.13,115.19,90.60,71.54,90.87,100.85,95.28,48.52,87.80,83.48,99.93,94.02,84.82,75.07,,
2012-09-16,95.97,92.40,106.98,95.46,77.01,84.89,101.30,112.07,93.60,120.37,109.93,106.53,81.14,116.25,91.13,71.57,98.43,98.13,82.86,46.59,86.36,79.92,100.20,89.76,85.29,75.53,,
2012-09-23,98.19,94.97,104.65,99.91,103.03,93.84,100.96,105.76,88.80,110.56,102.26,93.13,77.46,111.41,86.78,70.79,86.72,96.18,83.63,45.36,84.57,79.55,95.47,88.21,85.24,74.16,,
2012-09-30,99.21,98.06,100.05,99.44,111.80,93.30,104.14,108.42,91.75,110.10,103.05,94.43,80.56,115.90,86.14,74.80,84.95,93.44,103.60,47.91,98.12,92.69,100.59,102.55,112.68,86.18,,
2012-10-07,98.94,97.46,101.79,102.52,91.18,102.18,100.22,108.92,91.90,112.99,105.02,99.08,85.42,115.00,86.86,74.00,83.66,96.54,89.83,46.63,85.53,82.21,92.87,89.08,86.49,77.00,78.58,78.58
2012-10-14,96.70,96.07,97.83,98.54,91.99,95.85,99.19,104.61,88.80,107.36,98.87,103.33,90.65,110.82,88.42,77.53,83.21,97.61,110.08,51.49,85.72,83.09,91.92,87.43,85.89,80.24,84.55,84.55
2012-10-21,98.31,97.43,97.07,101.19,113.67,105.68,98.80,105.76,89.53,107.29,100.63,105.35,91.85,112.88,88.62,78.05,85.47,96.60,103.66,53.33,89.31,86.09,93.44,89.60,94.28,84.80,77.23,77.23
2012-10-28,95.17,94.80,93.83,96.31,105.87,99.51,97.43,104.76,89.22,105.60,98.50,108.28,93.25,111.96,84.06,76.37,78.16,91.78,110.25,53.45,93.61,91.34,95.52,94.55,103.85,87.01,83.79,83.79
2012-11-04,97.09,97.81,94.88,99.71,85.71,103.53,101.15,104.27,91.28,103.48,103.17,112.97,96.71,111.03,86.51,78.59,78.15,96.16,103.64,54.00,89.15,86.70,89.82,89.13,99.44,84.59,89.40,89.40
2012-11-11,95.63,96.15,91.36,98.13,108.65,103.43,96.54,101.91,89.85,100.72,96.71,104.96,97.17,108.59,80.35,76.35,73.67,86.77,106.63,53.47,85.59,86.33,86.87,86.38,89.13,81.76,80.40,80.40
2012-11-18,95.34,95.72,95.62,94.30,85.52,95.28,98.19,101.55,90.22,100.00,98.07,104.39,98.00,108.03,83.76,78.11,80.12,89.89,96.15,51.98,82.05,81.56,84.66,82.87,84.41,78.31,81.42,81.42
2012-11-25,98.18,97.67,95.14,103.46,115.80,108.24,95.84,100.66,90.77,99.76,100.39,115.77,102.94,105.81,89.19,79.12,77.73,101.26,114.21,56.24,92.14,89.64,92.56,94.22,103.78,84.70,98.51,98.51
2012-12-02,96.58,97.91,90.71,99.95,102.28,102.04,99.90,101.23,91.85,96.56,101.10,107.59,105.88,108.46,85.75,76.98,74.82,96.96,108.78,54.31,90.42,88.27,89.05,92.60,103.00,83.53,95.52,95.52
2012-12-09,97.24,96.87,90.22,104.31,134.14,112.22,97.61,100.93,92.32,96.32,103.79,116.09,108.46,107.59,87.75,77.92,78.19,98.55,108.12,58.24,91.42,90.61,88.26,92.69,110.72,83.09,105.22,105.22
2012-12-16,100.81,99.82,95.80,109.88,130.30,110.36,101.23,104.01,95.34,99.90,108.05,127.77,122.38,110.18,97.70,85.54,90.43,108.09,127.75,64.01,98.11,90.96,93.43,100.31,120.00,90.86,112.56,112.56
2012-12-23,101.01,99.65,99.79,106.76,118.40,110.21,99.55,103.69,95.29,99.19,104.86,113.98,125.28,110.12,96.11,84.55,88.90,106.93,109.89,60.01,95.58,88.98,98.23,96.83,109.77,87.79,100.75,100.75
2012-12-30,127.20,128.47,130.19,124.71,102.03,119.28,114.54,105.10,92.56,99.33,114.62,125.04,133.27,113.88,125.93,119.32,121.63,135.01,125.36,68.58,112.23,99.39,127.54,114.41,120.26,99.68,100.37,100.37
2013-01-06,98.84,94.09,112.60,91.47,90.82,120.16,100.25,92.05,84.05,93.10,107.16,122.72,123.42,94.22,79.01,72.58,82.87,80.99,82.14,53.87,82.26,75.30,88.19,80.64,83.46,81.90,159.45,159.45
2013-01-13,90.91,93.81,82.88,92.99,81.65,100.71,97.45,98.15,88.62,92.78,99.22,106.74,120.38,105.64,73.05,68.27,64.22,80.53,95.87,55.04,82.77,83.19,76.18,85.82,85.91,82.21,81.66,81.66
2013-01-20,94.89,97.75,86.01,97.54,91.52,108.21,100.06,96.98,90.27,90.96,94.88,96.90,115.34,103.71,74.47,68.94,69.76,80.35,83.91,56.15,80.92,83.96,78.73,84.21,79.78,78.11,83.98,83.98
2013-01-27,93.26,96.59,85.54,93.02,81.05,102.69,98.55,99.23,92.70,93.22,93.38,96.04,123.89,105.94,76.51,72.59,69.73,82.59,99.00,56.69,88.43,93.39,85.27,91.71,91.49,83.57,82.13,82.13
2013-02-03,96.25,99.98,89.26,94.07,76.03,103.64,102.16,100.52,93.73,94.46,91.14,93.86,124.52,107.54,76.92,72.53,70.43,83.58,84.94,55.94,86.37,89.80,84.39,88.33,90.83,82.10,84.65,84.65
2013-02-10,95.98,100.25,87.65,90.43,90.25,105.09,97.39,100.81,95.44,95.92,94.38,93.10,125.49,106.34,74.71,72.83,69.09,79.53,86.20,56.90,81.42,90.34,82.56,82.74,78.32,77.33,82.63,82.63
2013-02-17,102.51,108.76,91.96,96.48,82.53,104.49,101.94,98.29,91.81,92.58,92.98,97.80,115.39,104.85,80.15,79.23,76.49,84.01,83.77,58.18,84.40,89.56,85.46,85.51,83.78,80.80,97.94,97.94
2013-02-24,96.36,99.19,88.80,94.61,100.30,110.06,97.13,99.63,94.12,94.10,94.24,97.73,115.03,105.65,77.11,72.11,71.06,83.19,96.80,59.07,86.04,91.87,84.46,88.13,89.73,80.82,93.54,93.54
2013-03-03,101.76,104.48,95.47,98.74,99.01,113.85,105.30,103.28,96.24,97.22,96.92,99.72,118.61,110.40,80.55,73.98,76.97,86.44,87.75,59.73,95.21,95.64,91.26,96.99,104.68,91.17,102.61,102.61
2013-03-10,97.29,97.61,92.07,97.07,117.64,133.19,97.90,103.21,95.14,100.41,98.37,96.37,139.73,108.55,80.84,69.18,75.72,88.50,96.51,73.13,93.14,91.59,89.42,91.62,90.16,99.55,106.32,106.32
2013-03-17,96.44,98.65,92.93,93.22,82.13,108.76,99.42,103.29,96.47,100.40,98.60,98.38,128.63,108.21,82.73,71.15,82.18,89.15,82.82,61.55,87.09,87.57,86.12,86.61,87.35,88.03,114.09,114.09
2013-03-24,96.02,95.52,95.31,95.51,106.33,107.30,97.85,102.44,94.21,101.21,96.32,94.89,116.08,107.21,83.24,67.22,79.48,93.61,84.20,57.04,84.92,84.37,89.06,84.95,86.82,81.22,130.50,130.50
2013-03-31,97.90,98.99,94.17,96.34,104.38,104.87,101.73,106.15,100.06,103.35,100.12,103.99,115.51,110.87,85.49,70.90,81.38,95.13,107.23,54.69,96.97,97.88,96.46,99.98,109.37,87.50,125.63,125.63
2013-04-07,100.59,102.72,95.91,100.03,97.40,101.84,100.83,103.46,97.48,99.56,96.75,95.61,101.23,108.97,83.23,71.74,80.26,91.46,90.32,52.14,81.78,85.52,85.95,83.56,84.47,74.11,96.86,96.86
2013-04-14,96.72,99.45,93.27,94.42,79.42,87.53,98.83,102.38,95.85,99.10,94.59,107.41,100.24,107.73,85.63,72.77,82.32,94.85,90.86,51.88,84.67,88.60,87.85,88.22,88.71,74.91,89.76,89.76
2013-04-21,101.23,102.16,96.82,100.78,120.32,102.53,100.80,104.27,96.80,100.80,94.62,99.94,96.74,110.37,90.91,71.52,90.33,100.98,109.14,54.06,89.54,88.96,92.38,91.85,99.75,80.13,88.61,88.61
2013-04-28,97.39,98.09,96.59,93.40,100.97,94.64,99.63,105.94,99.16,103.47,94.82,110.92,99.82,111.06,88.63,70.41,87.02,99.10,103.09,49.45,93.54,94.46,96.66,96.09,107.99,81.04,86.85,86.85
2013-05-05,101.84,100.17,108.60,96.41,92.25,99.50,105.85,104.33,97.15,104.97,99.08,127.86,101.33,107.41,104.25,84.42,102.14,116.65,107.94,55.58,89.79,83.84,98.21,91.43,98.35,79.95,120.91,120.91
2013-05-12,99.61,99.23,99.16,98.71,113.05,97.25,101.12,102.91,92.94,102.00,89.91,101.92,90.84,108.76,91.10,74.53,88.67,101.02,110.85,54.50,86.92,83.38,91.11,90.25,94.99,77.49,91.06,91.06
2013-05-19,96.37,96.28,98.61,95.76,82.77,86.01,99.56,105.84,95.01,107.24,97.60,107.84,87.50,110.59,95.44,73.53,96.81,106.42,99.55,50.32,87.31,82.91,92.52,93.64,93.94,74.70,96.12,96.12
2013-05-26,99.89,97.64,104.41,102.57,101.24,94.42,100.63,107.58,94.63,110.63,101.22,118.94,84.28,112.28,98.89,72.85,98.26,112.22,118.62,53.17,97.46,87.35,102.15,107.32,112.72,79.04,108.66,108.66
2013-06-02,99.54,98.33,102.09,104.41,90.86,88.70,101.61,104.07,93.71,104.11,98.50,97.75,80.67,109.46,96.75,72.45,95.40,110.75,91.88,48.67,92.34,85.42,97.15,101.25,101.23,76.87,115.28,115.28
2013-06-09,101.47,98.49,105.62,105.76,119.43,94.84,99.17,105.79,93.52,108.93,101.36,104.11,80.52,110.15,98.19,74.35,98.31,110.89,98.00,51.94,90.36,84.06,99.37,99.19,93.87,74.38,112.58,112.58
2013-06-16,104.09,99.51,115.02,107.43,98.81,92.44,105.70,108.43,94.89,111.62,110.69,108.86,79.68,113.18,104.72,76.06,112.31,114.73,116.46,57.62,95.89,84.20,108.16,106.99,97.41,77.92,158.00,158.00
2013-06-23,99.37,97.05,101.86,103.85,116.24,89.77,99.06,104.72,92.49,106.08,105.65,99.95,78.42,110.01,95.18,69.93,94.00,109.13,90.95,51.80,90.34,81.62,96.40,101.33,92.67,75.42,151.15,151.15
2013-06-30,101.48,99.29,105.10,105.57,105.74,89.67,103.82,107.51,94.08,108.50,106.49,104.07,84.68,113.63,100.19,72.85,100.23,113.97,108.70,55.25,101.90,89.70,104.97,114.10,115.42,83.51,134.60,134.60
2013-07-07,102.35,98.50,108.81,108.59,109.11,96.64,102.95,108.58,94.75,112.76,115.17,110.43,78.66,112.74,96.47,70.70,101.46,107.25,91.21,51.26,93.40,81.56,99.58,104.23,102.17,76.59,163.78,163.78
2013-07-14,101.07,94.06,117.28,105.48,98.20,94.12,100.19,112.86,98.50,125.43,132.43,149.68,80.84,111.54,104.06,68.93,118.91,112.68,117.72,53.38,96.17,79.79,110.32,106.54,104.07,76.35,231.91,231.91
2013-07-21,102.17,97.27,113.16,107.10,96.65,97.59,102.09,107.46,95.13,114.63,110.18,127.41,78.41,109.09,105.68,71.11,118.41,115.66,106.37,56.07,93.94,80.85,105.15,102.85,99.65,77.73,165.98,165.98
2013-07-28,98.78,94.56,109.29,100.09,95.22,87.99,100.79,110.71,97.08,118.46,117.77,125.36,79.54,112.52,98.04,68.71,108.97,106.21,109.81,53.80,96.90,86.38,109.10,105.06,105.70,78.40,125.03,125.03
2013-08-04,101.37,97.09,112.51,104.74,84.90,94.14,104.16,110.90,97.55,118.63,120.64,129.82,79.69,112.47,97.09,69.80,109.28,104.44,89.73,51.41,92.56,81.01,105.09,99.73,98.29,76.85,123.18,123.18
2013-08-11,103.86,96.43,123.66,105.35,91.45,89.61,103.22,116.24,101.82,130.34,135.01,159.74,82.95,114.03,103.02,69.56,124.64,107.24,104.85,55.67,96.71,84.02,121.69,102.66,95.94,77.21,140.43,140.43
2013-08-18,107.74,98.54,135.02,106.13,77.54,94.18,107.36,111.94,98.63,125.87,136.00,175.35,90.93,108.87,107.68,71.67,131.55,111.83,101.33,61.52,93.47,74.93,115.11,98.53,92.06,79.78,159.48,159.48
2013-08-25,100.45,96.90,108.80,102.35,98.06,93.40,101.98,110.85,95.84,120.08,117.21,114.01,80.48,112.50,88.40,66.44,99.02,93.10,94.42,56.76,92.74,81.90,100.11,101.23,98.08,79.08,119.46,119.46
2013-09-01,99.85,98.14,105.04,101.54,83.88,89.73,105.93,107.87,93.82,113.48,105.21,96.19,77.27,111.64,89.88,67.54,96.46,97.85,82.88,53.01,90.20,81.98,95.17,98.19,94.71,78.26,106.77,106.77
2013-09-08,97.28,96.26,98.28,101.16,98.59,86.75,100.92,104.28,90.70,106.00,100.96,87.63,75.42,110.24,87.39,68.62,89.32,96.07,88.90,53.84,83.69,82.10,91.35,90.28,81.59,72.28,99.74,99.74
2013-09-15,96.40,94.50,103.80,95.19,74.20,87.79,102.32,107.81,93.74,114.23,104.98,94.68,81.33,111.07,91.08,69.51,99.32,98.01,78.05,53.74,84.80,81.16,94.80,89.76,82.18,74.60,95.62,95.62
2013-09-22,97.70,94.76,104.52,97.65,100.58,91.06,100.23,105.17,91.25,111.53,98.27,92.79,79.57,108.51,89.63,68.56,93.59,98.62,81.68,52.71,84.29,79.06,93.84,87.07,86.63,75.12,97.72,97.72
2013-09-29,97.97,95.95,102.32,98.06,101.05,94.16,100.52,105.04,92.15,109.03,96.49,96.19,83.16,109.32,91.50,71.86,94.59,98.99,114.16,60.87,96.07,89.17,99.36,100.53,109.39,84.62,100.51,100.51
2013-10-06,99.82,98.83,101.04,102.24,98.79,97.65,104.02,105.73,93.19,107.53,96.35,85.15,82.05,111.30,86.14,71.35,88.39,93.02,84.46,54.35,86.90,84.54,93.37,89.54,91.89,77.70,86.79,86.79
2013-10-13,93.81,92.04,100.26,93.02,76.46,86.81,98.27,107.07,94.06,113.35,100.30,90.23,84.50,110.00,86.01,72.84,91.43,90.25,89.10,54.69,84.32,84.03,94.06,88.28,81.70,74.25,80.73,80.73
2013-10-20,98.92,99.48,95.93,99.74,106.75,100.56,101.04,101.21,92.67,100.86,95.28,99.13,85.68,105.87,90.33,76.36,91.50,96.93,99.77,61.45,87.69,87.56,91.50,90.21,90.52,80.74,91.66,91.66
2013-10-27,97.68,98.87,94.13,97.93,101.24,94.44,100.11,101.88,92.97,100.23,95.24,86.91,88.58,107.59,88.31,78.37,85.30,95.29,104.86,61.99,91.30,94.02,92.42,95.63,97.82,81.36,87.34,87.34
2013-11-03,94.75,95.71,94.08,93.95,78.87,92.98,99.82,103.44,94.11,103.28,97.47,100.70,95.68,108.27,88.25,81.43,85.98,93.97,94.48,60.79,89.06,88.87,89.94,90.68,98.68,81.95,87.82,87.82
2013-11-10,96.37,96.98,92.34,99.03,106.79,101.64,96.76,99.30,90.65,98.38,92.90,92.95,96.29,104.27,88.38,82.16,84.34,93.84,104.91,71.30,87.38,91.44,89.84,90.69,87.47,80.28,98.03,98.03
2013-11-17,94.66,96.86,88.80,96.42,90.26,96.52,97.20,100.35,94.38,97.61,100.38,109.47,102.27,104.80,87.37,81.93,83.06,92.89,100.47,68.58,87.24,90.66,85.00,90.83,92.50,80.89,92.41,92.41
2013-11-24,95.37,95.32,94.20,96.93,101.58,100.03,93.11,98.80,93.21,98.71,95.62,109.33,103.23,101.51,91.02,81.48,84.17,99.18,118.81,72.24,88.80,92.09,89.66,90.47,98.11,80.55,104.61,104.61
2013-12-01,96.88,98.41,91.72,99.85,95.77,99.54,99.75,101.23,95.26,98.06,97.93,104.95,108.40,106.01,90.01,83.23,84.65,96.44,109.82,71.39,97.56,100.00,94.63,100.99,114.01,86.80,105.22,105.22
2013-12-08,96.28,95.56,90.68,101.29,141.00,100.63,95.44,100.61,94.64,97.28,95.61,98.12,109.94,105.57,92.51,86.87,86.84,98.68,112.27,73.55,94.60,97.42,93.14,96.24,114.08,83.24,117.46,117.46
2013-12-15,98.86,98.56,93.10,105.55,125.14,114.55,99.21,100.67,94.79,96.40,101.82,109.52,119.27,105.78,99.22,92.59,94.90,105.16,117.51,78.86,99.62,99.65,96.41,102.95,121.44,87.42,126.49,126.49
2013-12-22,97.88,97.78,94.65,102.49,110.85,102.39,97.73,100.72,95.76,96.35,102.25,110.12,125.00,105.37,97.37,91.12,91.46,104.43,108.48,75.15,97.49,98.41,99.89,98.90,112.79,86.39,118.35,118.35
2013-12-29,117.99,118.34,120.33,117.84,105.24,113.45,107.96,102.66,93.34,97.83,110.16,111.60,129.08,109.49,127.31,120.45,125.51,134.01,124.92,86.08,112.64,105.04,124.79,116.89,123.15,96.80,117.29,117.29
2014-01-05,107.09,101.75,124.29,95.07,103.59,123.94,103.79,91.47,85.48,92.96,105.20,119.54,123.02,92.48,94.01,91.91,102.22,91.19,92.91,79.16,94.85,89.42,106.86,92.73,96.85,89.83,187.12,187.12
2014-01-12,87.93,90.47,80.21,90.30,78.69,99.59,97.01,94.85,88.21,88.55,95.92,101.39,117.89,101.54,77.46,80.73,70.61,79.75,93.97,74.32,83.68,88.01,78.05,87.94,85.99,80.02,104.78,104.78
2014-01-19,92.00,94.84,84.12,95.22,78.41,103.41,98.51,94.68,91.19,88.74,92.88,95.57,112.89,99.82,83.93,88.44,79.70,84.75,92.14,77.06,85.97,92.39,82.39,91.10,85.59,80.41,120.11,120.11
2014-01-26,94.16,96.07,85.67,97.38,105.35,108.55,98.23,97.52,94.71,91.47,90.16,92.35,123.98,102.53,84.33,88.49,78.56,85.58,105.17,80.09,93.73,101.61,90.24,98.92,98.29,85.13,110.61,110.61
2014-02-02,93.70,96.86,87.08,91.39,79.24,103.98,101.14,97.99,94.63,91.76,87.59,85.25,126.71,103.48,83.96,88.60,78.93,85.43,84.87,76.98,89.42,98.54,87.86,92.25,92.91,82.24,126.15,126.15
2014-02-09,93.31,98.21,83.67,88.35,80.49,99.18,99.36,96.63,97.40,89.68,93.26,86.06,119.73,100.43,75.06,82.66,68.38,75.92,82.02,70.58,79.86,93.37,81.66,82.02,74.96,73.56,111.01,111.01
2014-02-16,105.20,113.15,92.74,95.94,77.91,103.63,104.84,97.26,98.58,90.10,92.57,88.32,115.28,101.01,89.46,99.96,87.49,87.36,86.57,76.24,87.85,102.82,91.15,90.26,83.75,79.28,136.80,136.80
2014-02-23,100.46,102.78,91.48,102.45,117.97,111.58,99.95,98.35,97.40,92.98,92.09,94.09,118.91,102.08,93.13,98.82,86.26,94.72,115.87,83.13,93.89,104.54,93.53,96.81,98.78,84.50,146.84,146.84
2014-03-02,99.82,100.36,95.45,102.52,104.34,111.72,106.48,100.54,97.85,94.35,90.36,89.32,121.85,105.76,93.79,93.91,90.73,96.37,94.38,80.82,103.12,107.47,100.03,107.62,118.36,91.13,186.22,186.22
2014-03-09,102.24,100.26,93.09,116.08,165.06,120.26,104.91,99.13,97.03,92.67,91.48,92.45,118.09,104.14,103.99,96.87,94.86,112.63,126.86,85.26,97.87,102.63,96.19,103.10,103.99,88.33,231.41,231.41
2014-03-16,100.89,100.92,95.17,107.96,107.91,114.74,111.89,101.07,98.04,94.41,91.75,94.51,117.93,106.72,110.28,102.33,107.54,116.80,110.40,84.58,102.35,104.28,100.60,107.03,116.90,90.39,230.45,230.45
2014-03-23,108.84,101.46,104.21,128.58,207.69,127.12,126.86,102.66,96.08,96.40,93.23,95.58,117.25,109.79,122.45,103.61,114.27,135.89,149.64,92.45,109.94,102.47,111.06,115.46,130.64,95.44,251.43,251.43
2014-03-30,119.78,110.71,116.90,146.65,178.80,144.72,169.63,113.98,99.41,100.30,95.48,97.30,116.30,129.96,150.66,122.38,149.26,164.55,185.16,109.16,148.14,129.00,134.93,161.51,206.01,120.88,232.93,232.93
2014-04-06,92.91,94.61,88.96,92.86,80.96,94.14,102.16,97.54,93.91,94.12,93.04,94.04,107.93,101.42,91.19,86.26,85.94,97.16,100.42,72.75,88.87,87.98,86.34,92.68,103.24,79.58,101.34,101.34
2014-04-13,86.57,91.29,83.88,77.22,57.07,81.91,75.06,92.47,95.50,94.78,89.70,100.25,103.15,89.54,78.18,85.56,72.76,79.32,79.16,63.20,74.07,85.98,77.43,75.03,70.26,68.08,89.08,89.08
2014-04-20,92.10,94.87,89.27,85.75,89.50,88.63,83.93,95.96,96.12,95.97,90.01,95.29,103.81,95.97,87.53,90.99,84.14,89.31,91.78,67.62,80.28,90.12,85.59,80.46,79.02,73.36,80.05,80.05
2014-04-27,91.08,92.84,91.57,83.81,80.15,86.43,87.03,98.91,96.87,99.65,90.70,98.30,96.83,99.71,90.47,91.10,87.46,93.71,90.74,64.64,85.28,94.65,91.93,87.13,88.88,73.28,78.11,78.11
2014-05-04,95.27,94.44,103.26,86.20,73.92,86.37,98.22,100.41,95.60,102.23,97.86,111.59,97.03,101.64,102.40,94.52,103.86,107.37,96.24,66.84,84.92,87.87,99.00,85.60,85.42,72.85,99.33,99.33
2014-05-11,97.71,97.44,99.02,95.55,101.00,96.22,96.49,95.36,90.26,95.48,86.83,99.56,87.47,98.06,98.80,94.41,95.92,103.94,107.37,69.70,85.84,90.29,93.51,90.21,85.19,74.08,92.49,92.49
2014-05-18,92.65,94.20,93.97,87.89,68.65,80.81,94.34,98.99,93.49,99.20,90.51,94.87,84.80,101.92,97.51,94.61,97.90,100.78,93.79,65.20,83.89,90.52,91.68,88.44,82.81,71.22,79.76,79.76
2014-05-25,96.74,96.99,97.81,95.28,91.72,89.73,95.72,100.04,94.63,100.31,92.05,96.08,84.68,102.91,98.40,92.92,97.35,103.29,101.78,66.38,92.01,96.46,99.95,98.21,97.70,74.87,89.01,89.01
2014-06-01,98.18,96.50,105.11,97.00,82.72,86.23,99.03,102.10,94.75,107.22,100.06,114.76,82.53,102.68,104.83,92.55,106.49,111.55,100.04,67.05,95.05,93.33,105.60,103.91,101.94,74.67,119.59,119.59
2014-06-08,98.20,96.35,102.01,99.41,103.42,89.90,98.58,99.05,91.20,100.83,96.55,92.91,77.35,102.06,99.97,91.18,101.14,105.58,89.28,64.96,87.45,89.82,100.07,95.22,87.53,68.68,125.73,125.73
2014-06-15,101.77,98.75,109.55,103.50,97.76,91.51,101.38,101.65,92.89,103.61,100.28,100.61,79.83,104.91,108.97,98.13,114.78,112.60,106.54,72.06,97.05,96.03,109.57,108.08,96.39,76.16,115.98,115.98
2014-06-22,97.74,96.84,100.33,98.77,95.66,88.43,97.63,101.42,93.63,103.18,97.46,88.95,78.78,104.52,101.21,93.11,101.82,106.87,88.35,67.09,90.03,90.82,98.45,98.74,90.02,73.74,115.04,115.04
2014-06-29,97.74,95.95,102.03,98.44,99.10,85.79,99.88,102.82,93.68,105.05,101.07,95.07,80.11,106.18,106.58,94.46,106.49,114.07,104.34,70.17,98.46,96.52,105.26,109.37,105.78,78.20,117.28,117.28
2014-07-06,99.81,97.54,103.87,105.03,94.95,93.52,103.38,103.34,94.36,105.37,104.42,98.44,80.14,106.63,103.15,92.46,105.69,108.70,88.81,70.57,96.08,94.55,103.14,107.00,100.78,76.75,128.03,128.03
2014-07-13,98.96,96.98,102.84,102.41,97.68,95.58,98.78,101.34,94.92,104.69,111.89,96.06,78.92,102.31,104.72,94.13,108.11,109.47,105.19,69.04,92.92,93.64,102.82,103.61,93.90,72.86,149.80,149.80
2014-07-20,96.18,91.83,106.33,99.94,88.56,88.18,98.94,104.50,94.68,111.96,114.65,114.42,82.45,104.50,107.93,89.75,118.31,111.93,102.29,71.80,94.56,89.91,108.53,102.79,98.14,75.14,147.73,147.73
2014-07-27,100.89,95.32,114.51,103.10,95.05,93.13,102.29,107.09,96.70,118.85,121.77,142.42,82.28,104.45,111.66,91.88,125.14,114.16,121.03,73.81,102.28,96.25,119.86,111.78,108.73,77.97,183.34,183.34
2014-08-03,100.10,95.59,112.72,100.89,81.15,90.33,106.16,108.08,97.19,118.38,116.34,124.58,81.15,106.92,104.73,88.56,119.78,105.15,98.99,70.20,96.40,89.67,112.57,103.10,104.47,75.79,136.36,136.36
2014-08-10,100.33,96.35,111.25,100.70,91.49,87.95,102.74,104.54,97.00,110.56,111.69,104.20,79.94,104.51,100.86,87.48,116.61,99.70,95.34,67.06,93.41,91.50,115.22,99.58,91.13,72.67,116.85,116.85
2014-08-17,105.97,99.68,125.92,106.16,70.27,92.36,107.84,104.25,96.95,111.34,124.77,128.97,91.27,102.76,113.64,94.41,128.56,116.09,98.21,73.06,94.08,84.34,116.55,99.92,88.25,77.86,120.24,120.24
2014-08-24,97.58,94.53,103.85,101.09,94.48,91.91,101.46,105.85,96.39,114.30,114.07,109.89,81.88,105.19,95.27,84.56,101.46,97.69,93.75,71.61,89.24,84.65,97.55,98.31,89.53,74.44,105.97,105.97
2014-08-31,96.48,95.63,98.19,99.81,83.82,87.54,105.21,103.40,96.03,105.41,101.61,88.69,82.02,106.06,97.58,89.78,97.24,103.26,84.99,69.35,97.04,94.66,101.48,107.47,100.43,81.08,95.45,95.45
2014-09-07,98.08,96.62,99.78,104.78,91.19,90.78,102.85,101.23,92.12,103.94,99.25,83.19,78.41,104.33,97.13,89.88,96.02,102.71,91.56,70.23,86.80,87.67,93.28,96.49,84.90,71.66,86.83,86.83
2014-09-14,93.37,91.53,98.28,94.45,82.71,85.37,100.02,102.71,93.66,106.72,99.40,87.86,84.43,104.97,96.32,88.90,96.65,101.42,81.88,69.57,88.41,90.47,97.33,96.47,85.48,73.48,83.27,83.27
2014-09-21,97.09,95.94,99.68,98.02,93.18,93.91,100.70,99.30,91.32,102.29,93.55,87.28,82.90,101.72,99.52,92.10,101.15,103.77,90.55,71.54,89.22,89.91,95.72,94.82,91.74,76.71,90.25,90.25
2014-09-28,96.42,94.87,100.74,94.22,95.31,92.25,101.15,100.74,92.34,104.47,92.36,83.86,82.17,103.04,95.63,91.67,98.71,96.42,114.05,72.68,96.00,96.82,100.34,101.95,107.72,80.07,90.98,90.98
2014-10-05,98.76,98.54,99.11,99.39,92.12,95.14,106.03,101.35,93.34,102.60,93.97,82.07,82.26,104.96,91.30,92.56,94.68,90.33,85.14,72.79,89.50,92.82,96.15,94.04,94.09,76.11,73.84,73.84
2014-10-12,98.22,99.12,97.71,96.65,88.62,93.37,100.65,100.58,94.15,101.65,94.65,86.56,86.23,103.43,95.77,97.33,95.83,96.32,99.29,76.38,87.06,94.93,95.03,91.31,84.98,74.65,65.28,65.28
2014-10-19,96.09,96.81,94.89,95.23,92.94,92.56,98.56,95.99,90.38,96.07,92.78,91.95,85.90,98.86,98.28,98.46,97.36,99.79,101.10,81.67,88.12,93.26,91.83,92.63,89.17,77.90,75.11,75.11
2014-10-26,98.26,97.38,95.80,100.87,125.39,101.11,99.81,99.18,92.72,99.99,93.39,92.04,90.02,102.09,95.94,96.27,93.16,98.04,108.53,80.51,94.54,98.09,96.51,99.74,103.53,81.46,73.31,73.31
2014-11-02,95.57,96.25,95.51,94.29,80.64,94.03,101.23,99.41,93.65,98.62,95.43,94.43,96.17,102.84,93.25,95.13,92.78,93.77,93.43,78.69,89.89,93.81,93.25,91.85,98.77,79.51,75.10,75.10
2014-11-09,96.43,96.91,92.75,99.68,104.60,100.68,97.17,95.64,91.26,94.76,92.27,94.57,95.22,98.40,93.89,96.13,90.47,95.14,109.22,83.67,88.72,96.00,91.94,93.30,89.53,78.12,82.89,82.89
2014-11-16,95.52,97.45,90.50,97.18,89.82,94.84,99.05,97.11,94.53,94.95,95.62,98.13,99.52,99.67,94.82,97.05,91.72,96.25,101.06,83.83,90.53,97.25,90.78,95.61,93.91,80.37,73.14,73.14
2014-11-23,95.13,95.07,94.08,95.24,103.79,100.58,93.65,96.70,94.89,96.71,95.48,107.72,102.93,97.46,92.89,95.02,87.90,94.72,111.68,86.47,87.66,94.09,91.03,88.67,95.34,78.02,81.15,81.15
2014-11-30,97.44,98.07,93.86,99.16,104.00,98.49,101.76,96.84,93.93,94.55,91.03,87.36,101.75,99.82,97.28,100.53,93.43,98.51,102.18,90.35,97.24,103.49,98.03,102.10,107.07,84.00,92.36,92.36
2014-12-07,99.49,100.16,91.45,106.37,127.60,110.35,99.09,96.22,95.03,91.84,101.68,104.49,110.50,99.09,98.61,100.10,90.44,102.56,112.41,94.04,92.71,97.94,89.91,96.12,109.51,80.70,97.89,97.89
2014-12-14,98.47,98.94,92.10,103.79,118.87,113.17,98.64,97.02,96.18,92.75,101.72,106.63,122.21,99.54,102.60,104.97,95.78,105.46,115.38,98.11,101.18,107.57,98.13,105.18,120.76,86.86,104.09,104.09
2014-12-21,102.70,103.65,96.08,109.23,113.87,118.03,100.78,97.53,98.46,92.21,107.47,108.26,131.45,99.60,110.45,110.27,106.32,112.99,121.39,103.92,103.78,105.28,102.40,106.24,119.76,93.58,102.39,102.39
2014-12-28,114.90,114.49,118.46,114.28,103.26,118.23,106.35,99.88,94.98,96.67,107.80,110.59,142.80,103.39,128.24,127.40,126.16,131.39,124.42,106.46,112.89,109.52,120.64,116.83,122.79,99.27,94.87,94.87
2015-01-04,113.38,109.29,130.36,98.25,100.55,129.29,106.45,89.66,86.51,90.93,107.75,111.32,142.59,89.09,108.42,112.56,118.42,101.48,98.77,106.25,98.80,95.15,118.01,94.11,95.71,93.47,137.84,137.84
2015-01-11,91.15,94.20,82.46,93.76,78.69,111.00,96.95,93.08,91.63,87.87,97.26,94.44,147.94,96.21,82.71,91.85,75.47,81.63,94.88,99.69,89.35,93.70,80.48,90.87,86.65,93.58,82.23,82.23
2015-01-18,92.09,95.59,84.62,92.69,69.14,104.18,98.91,92.15,92.29,86.58,89.45,84.35,132.94,95.17,87.17,98.12,83.72,83.71,85.76,103.04,88.74,96.45,84.07,90.84,84.04,89.09,80.94,80.94
2015-01-25,94.56,97.53,85.94,95.07,92.55,109.94,99.39,95.05,96.96,88.99,89.99,84.37,132.77,97.65,86.96,99.12,81.48,83.89,94.47,102.82,91.84,102.66,89.64,93.26,90.07,88.66,75.62,75.62
2015-02-01,94.09,98.94,85.40,89.13,73.65,98.55,101.54,94.97,98.28,87.62,89.58,80.57,121.53,97.84,86.90,100.07,81.63,84.08,81.77,97.21,89.08,102.33,87.25,89.30,89.30,85.17,76.67,76.67
2015-02-08,97.09,102.13,87.26,94.00,82.93,99.81,99.49,95.25,97.65,89.16,88.74,86.37,116.34,97.85,88.84,104.96,82.27,85.30,92.22,99.59,89.47,100.75,87.02,87.52,84.06,91.96,79.01,79.01
2015-02-15,103.70,110.68,93.15,95.33,77.79,102.59,102.69,95.36,97.38,89.74,90.34,89.06,114.73,97.81,96.15,117.15,93.87,88.53,91.23,105.65,93.93,104.98,92.57,91.95,87.11,96.49,92.62,92.62
2015-02-22,95.09,97.75,88.37,93.74,93.81,103.66,98.48,95.71,96.38,90.92,88.71,88.32,113.06,98.38,90.07,100.96,85.90,86.72,99.82,105.52,92.38,98.43,90.98,88.91,88.10,97.23,91.06,91.06
2015-03-01,96.71,99.83,91.06,91.47,85.82,104.72,103.43,98.06,101.14,91.63,89.59,82.91,114.78,100.68,88.80,102.08,87.49,82.91,81.23,111.47,101.19,107.64,94.52,96.86,102.14,108.08,93.51,93.51
2015-03-08,99.16,101.16,91.27,100.03,116.10,111.99,99.14,96.61,98.84,91.09,91.53,86.64,114.15,98.96,90.07,101.47,85.49,87.05,91.24,105.01,94.94,100.57,89.64,91.55,91.28,102.31,106.93,106.93
2015-03-15,97.05,100.56,90.46,93.19,86.78,105.04,99.37,96.32,99.60,91.15,92.22,91.19,112.75,97.89,93.38,106.68,91.51,88.84,86.18,100.50,95.99,103.84,92.60,92.11,92.45,101.70,116.70,116.70
2015-03-22,95.62,95.40,93.52,96.76,108.18,101.67,98.60,98.13,98.06,97.08,91.97,84.09,109.74,98.96,94.65,96.91,89.11,96.28,101.79,100.55,93.36,94.15,92.18,88.80,91.94,99.88,119.24,119.24
2015-03-29,97.07,97.35,94.20,97.25,108.62,108.54,97.95,99.94,102.46,97.98,96.44,103.59,115.85,99.85,97.06,101.09,94.07,96.58,100.91,103.56,106.46,107.32,98.87,101.21,115.96,112.96,116.92,116.92
2015-04-05,100.07,100.44,100.29,99.45,89.73,100.04,102.89,100.54,100.91,98.95,95.37,86.08,102.66,101.56,97.75,102.37,95.70,96.50,98.37,105.60,96.08,96.46,94.25,91.49,96.12,102.50,104.71,104.71
2015-04-12,96.84,100.14,92.09,93.64,79.43,88.64,100.33,96.50,99.37,91.28,89.48,86.76,94.65,98.61,95.16,104.50,90.90,93.87,86.81,98.78,93.53,100.62,91.00,91.93,86.79,97.85,84.12,84.12
2015-04-19,98.17,100.33,94.04,95.79,96.66,93.94,99.61,98.57,99.54,95.33,91.07,89.96,96.19,100.41,102.17,106.21,98.80,102.53,104.30,100.29,96.33,100.66,94.00,93.85,92.41,101.18,79.32,79.32
2015-04-26,100.45,100.04,98.57,99.81,126.91,100.73,99.61,101.31,101.87,100.38,94.32,98.72,95.81,101.92,102.50,101.01,97.77,106.09,107.34,96.19,104.01,103.58,100.53,103.22,109.67,104.79,85.11,85.11
2015-05-03,101.91,98.48,111.85,97.77,101.50,94.30,104.52,105.66,101.14,109.77,103.69,121.16,98.33,105.35,114.44,99.65,115.53,120.46,116.38,103.39,104.98,96.92,110.68,103.54,112.79,101.74,104.51,104.51
2015-05-10,103.61,100.68,108.82,104.48,118.62,101.75,102.56,96.85,92.59,99.42,92.93,104.28,89.81,97.46,112.19,101.60,107.57,119.38,122.14,103.22,98.92,93.09,101.24,101.80,98.62,96.24,112.78,112.78
2015-05-17,98.67,99.56,98.89,98.63,82.06,89.17,99.94,99.81,96.31,100.03,93.47,102.16,84.31,101.69,103.96,99.68,103.88,106.27,103.96,95.91,99.44,97.29,97.66,100.77,97.15,101.06,80.44,80.44
2015-05-24,98.94,98.64,99.73,100.07,98.40,93.26,98.08,99.81,98.10,100.72,93.66,97.49,81.81,100.47,102.53,96.55,99.99,106.49,109.95,97.54,96.67,93.20,96.86,97.22,96.26,97.38,90.81,90.81
2015-05-31,101.95,100.10,107.26,100.96,103.86,93.63,100.18,102.44,98.67,106.59,100.54,109.44,81.97,101.94,108.71,99.50,110.76,111.86,109.75,99.02,112.41,105.37,113.24,116.96,119.48,105.69,105.39,105.39
2015-06-07,103.41,101.86,104.71,107.70,116.33,99.24,100.28,100.22,96.84,101.64,98.38,94.23,81.22,101.26,105.61,100.34,105.71,107.71,112.52,101.67,99.16,95.31,99.83,101.49,100.29,96.84,102.88,102.88
2015-06-14,99.66,98.66,101.98,99.17,105.35,92.71,99.31,100.39,97.84,101.68,97.24,93.12,80.60,101.17,102.38,100.68,103.86,103.29,89.73,92.57,100.80,100.25,102.44,104.55,95.88,97.90,99.38,99.38
2015-06-21,105.41,102.15,111.12,109.33,115.30,101.36,103.67,102.33,99.49,102.26,103.88,97.60,82.79,103.92,112.13,101.38,116.32,114.72,112.30,102.38,106.07,98.50,110.26,108.35,102.40,105.01,107.47,107.47
2015-06-28,99.84,98.63,100.88,103.93,105.30,92.95,100.95,101.87,98.81,102.24,103.06,98.45,83.45,103.29,106.01,98.22,104.37,111.04,92.92,98.23,107.66,102.34,105.45,113.15,109.83,103.78,109.77,109.77
2015-07-05,101.72,100.59,101.51,107.95,105.18,100.71,104.22,102.24,100.18,101.41,101.49,91.24,81.10,104.05,103.03,98.44,102.03,106.53,89.44,93.90,101.63,99.32,101.20,104.51,102.64,98.96,112.19,112.19
2015-07-12,100.70,98.41,103.19,105.74,114.20,99.68,97.85,101.87,101.18,104.84,112.94,103.13,82.29,100.26,107.19,96.61,105.98,112.99,106.37,95.14,102.71,100.91,104.83,108.92,99.87,96.09,135.67,135.67
2015-07-19,99.83,96.85,109.47,99.71,83.83,89.32,100.60,104.69,102.65,110.69,120.48,116.63,80.99,101.69,109.59,94.59,121.68,110.08,102.63,92.51,101.56,95.12,109.36,104.50,99.70,95.89,179.21,179.21
2015-07-26,105.03,100.09,115.26,109.72,108.99,100.88,103.16,106.87,103.52,116.96,122.92,140.83,81.61,101.88,112.22,96.05,123.03,113.03,120.76,100.74,111.99,101.58,119.86,116.98,115.46,102.76,173.69,173.69
2015-08-02,104.03,98.35,118.81,105.21,96.34,92.42,104.80,111.20,106.45,125.56,131.42,147.88,81.50,104.16,110.22,91.81,126.45,109.22,109.80,96.98,110.12,97.09,122.95,111.34,116.57,101.29,177.43,177.43
2015-08-09,105.26,98.13,123.02,106.82,105.03,93.69,102.17,111.67,107.01,127.31,128.51,149.16,82.15,103.91,110.36,90.78,130.69,107.56,115.45,93.55,107.26,97.20,126.62,107.72,104.18,98.23,152.77,152.77
2015-08-16,109.43,101.63,133.93,108.12,77.78,93.31,106.02,106.97,102.74,117.71,130.37,143.83,92.23,101.64,116.99,96.52,137.01,115.64,103.37,95.69,104.93,91.12,126.84,103.85,95.67,100.22,125.59,125.59
2015-08-23,99.20,97.70,101.80,102.29,99.17,91.89,101.38,104.25,100.51,109.68,111.93,105.34,83.38,102.70,94.04,86.93,97.33,95.37,93.42,89.22,95.83,91.57,95.79,98.71,90.58,96.64,97.70,97.70
2015-08-30,97.87,97.93,98.25,98.66,92.55,88.45,100.61,102.04,99.31,103.60,102.19,90.79,80.71,102.68,95.40,90.82,95.41,98.08,84.47,88.38,101.26,100.68,100.01,104.16,101.72,98.79,87.77,87.77
2015-09-06,100.16,99.51,99.92,105.96,95.63,94.87,104.26,101.72,96.31,103.49,103.31,85.30,79.45,103.51,96.34,92.92,96.42,98.06,91.50,92.89,96.54,94.86,95.43,99.25,93.05,96.51,87.74,87.74
2015-09-13,97.74,98.11,96.93,97.78,96.77,90.58,100.82,101.00,98.27,102.45,99.39,85.82,80.85,101.77,96.03,92.63,92.74,100.13,80.50,91.18,95.17,100.25,97.07,96.00,85.59,95.68,84.46,84.46
2015-09-20,99.12,98.02,101.53,98.94,102.23,96.33,100.03,103.45,100.53,106.33,102.62,94.82,87.96,103.34,99.15,91.98,101.22,101.54,86.40,94.86,97.17,96.56,99.32,95.28,94.04,99.57,76.11,76.11
2015-09-27,99.93,97.76,105.21,99.38,100.19,99.45,101.34,99.41,96.32,103.90,98.99,92.44,91.05,98.28,100.86,95.45,101.68,102.33,116.53,96.76,102.25,99.35,103.33,103.21,102.16,101.47,99.23,99.23
2015-10-04,98.46,98.35,98.75,99.46,92.55,95.80,101.86,102.23,98.13,104.44,99.21,94.71,89.43,103.11,95.13,93.67,96.91,94.76,89.22,96.95,101.01,98.20,97.46,99.84,104.61,104.16,73.93,73.93
2015-10-11,98.47,98.92,96.31,98.97,106.21,102.53,96.58,100.78,97.45,102.75,98.62,110.79,94.04,101.24,93.63,94.89,93.24,92.73,105.19,97.22,98.43,101.02,95.31,96.79,98.45,101.57,68.32,68.32
2015-10-18,99.63,100.74,99.01,98.16,87.44,99.85,99.25,99.82,97.19,101.92,97.98,103.50,93.38,99.91,100.78,101.35,101.79,99.92,106.23,98.86,99.99,99.81,97.69,98.52,99.16,103.79,75.14,75.14
2015-10-25,100.86,99.52,97.74,101.38,156.78,100.23,96.90,101.83,99.42,104.81,96.52,97.62,99.60,101.38,96.94,99.27,97.28,95.00,110.81,102.19,104.35,104.60,100.96,104.15,107.32,105.44,71.16,71.16
2015-11-01,97.29,98.63,94.40,96.09,94.61,100.76,98.88,100.16,99.76,100.65,98.31,105.36,100.37,100.09,94.60,97.40,91.55,94.82,102.51,96.90,102.67,103.91,96.85,100.65,112.06,104.11,71.95,71.95
2015-11-08,97.80,98.71,95.20,98.53,99.51,103.72,94.79,97.89,98.73,98.74,92.80,94.48,102.29,97.11,94.65,100.09,90.58,93.92,107.32,101.63,94.57,99.90,93.35,93.73,91.65,95.89,82.23,82.23
2015-11-15,97.43,98.68,93.69,98.60,99.52,98.14,97.32,97.65,98.81,96.32,94.03,86.79,101.71,98.06,92.13,100.13,91.85,88.87,88.76,96.67,97.02,102.23,92.96,97.25,93.88,99.25,71.25,71.25
2015-11-22,96.01,96.49,95.91,96.26,90.24,95.01,93.14,97.45,99.37,97.98,93.78,88.06,101.48,96.33,92.55,96.50,89.58,92.46,92.62,95.63,94.34,99.03,94.04,92.86,89.08,97.10,78.46,78.46
2015-11-29,98.61,100.44,93.09,100.92,101.07,101.97,96.90,95.57,98.90,92.61,98.73,98.98,103.81,95.57,97.13,103.06,90.46,97.99,96.86,105.78,103.74,108.60,96.43,106.29,105.41,103.39,97.30,97.30
2015-12-06,101.73,102.19,95.30,108.12,124.15,111.80,99.64,97.92,100.16,94.12,100.04,107.16,112.01,98.89,99.07,102.83,93.63,99.92,110.31,104.74,104.85,107.21,95.77,104.87,117.70,104.15,97.78,97.78
2015-12-13,99.10,99.44,93.35,101.94,129.99,111.51,95.19,98.44,103.59,94.87,97.50,104.86,116.66,97.96,99.73,104.07,94.16,100.37,106.53,108.33,106.37,109.72,98.63,105.83,121.43,103.92,98.79,98.79
2015-12-20,102.85,103.40,97.49,108.91,120.36,113.24,96.39,99.55,104.53,95.42,103.01,104.64,127.02,99.25,109.44,111.03,107.27,109.69,113.05,112.93,114.24,112.22,107.19,113.85,129.15,113.17,97.60,97.60
2015-12-27,110.13,110.17,113.61,107.51,100.51,105.89,100.77,99.00,99.62,95.79,105.83,105.82,125.44,100.11,117.75,119.12,118.65,117.40,109.01,111.55,113.06,110.61,115.36,113.51,118.52,109.16,94.37,94.37
2016-01-03,120.34,117.60,137.02,102.21,111.71,118.19,102.92,95.10,96.07,96.32,113.32,127.55,136.56,92.66,113.07,117.51,125.65,104.44,97.35,114.97,107.71,100.92,127.16,100.74,104.39,106.12,125.74,125.74
2016-01-10,92.81,96.04,84.71,92.63,88.17,106.56,94.06,93.38,94.41,88.86,97.97,100.77,121.84,95.15,83.06,92.86,77.54,80.58,92.76,103.25,93.06,97.39,82.24,93.24,93.51,98.71,88.65,88.65
2016-01-17,94.89,99.56,85.65,93.59,77.70,101.04,96.03,92.84,96.94,87.20,93.90,96.93,114.17,94.03,88.47,100.83,85.35,83.90,90.77,107.58,95.68,104.54,86.06,95.80,91.61,101.10,80.43,80.43
2016-01-24,95.74,101.98,83.96,91.43,78.22,102.06,95.88,94.54,103.02,87.92,97.50,96.41,117.40,94.19,83.28,100.98,77.58,77.73,87.17,106.31,91.65,107.20,84.45,89.24,85.25,96.94,73.52,73.52
2016-01-31,97.91,103.13,88.19,93.13,85.22,104.63,97.92,96.27,104.47,89.45,95.11,100.96,122.68,96.25,90.08,107.63,85.35,84.15,89.38,113.51,105.87,118.05,95.36,104.61,107.08,109.73,78.09,78.09
2016-02-07,100.73,106.76,89.85,95.78,85.99,111.06,95.55,95.19,103.09,89.75,91.40,95.77,126.59,94.52,89.36,107.13,84.25,83.57,95.33,109.73,96.70,109.95,89.40,94.15,93.18,101.69,83.30,83.30
2016-02-14,102.66,111.05,91.56,88.13,77.95,103.70,95.25,94.58,103.34,90.04,88.31,88.70,126.72,93.05,90.74,112.41,87.30,82.71,83.20,113.19,97.59,113.26,92.40,91.57,86.44,107.90,87.57,87.57
2016-02-21,99.43,103.72,90.72,96.41,90.01,116.47,96.44,96.79,103.52,91.76,93.45,93.96,135.43,96.35,92.11,105.15,91.67,85.20,96.03,118.27,101.15,109.17,95.23,97.53,95.25,109.46,85.73,85.73
2016-02-28,97.89,101.30,90.20,93.15,103.34,113.72,95.02,97.17,105.83,92.09,95.25,96.86,133.18,95.82,89.46,103.73,87.58,83.57,82.01,110.79,106.24,118.66,96.16,103.84,108.64,110.44,88.02,88.02
2016-03-06,100.95,103.91,93.38,97.23,108.61,120.92,98.93,97.39,103.06,93.21,94.83,93.01,132.51,96.95,90.92,102.89,88.78,85.78,91.65,113.45,102.90,110.90,94.28,98.31,101.87,111.86,99.14,99.14
2016-03-13,97.39,101.46,89.91,90.70,95.33,108.61,94.95,96.83,104.74,91.96,92.81,85.05,126.91,95.89,87.59,102.29,85.49,82.04,75.74,105.39,97.11,108.56,92.81,91.79,89.53,105.79,110.12,110.12
2016-03-20,97.69,99.61,94.71,92.98,93.36,109.76,96.89,99.12,106.10,96.15,95.38,97.46,128.30,97.41,95.10,100.05,93.89,92.64,106.16,106.86,100.15,105.40,95.50,93.76,98.56,109.67,109.82,109.82
2016-03-27,99.40,100.81,95.79,96.21,99.61,117.34,102.02,98.99,106.73,95.37,96.44,102.19,122.43,97.31,98.92,104.81,94.66,98.17,99.06,111.05,108.76,113.78,99.75,105.65,115.16,113.75,130.58,130.58
2016-04-03,99.92,101.52,98.15,93.16,95.26,101.42,106.12,103.44,110.59,99.17,100.93,104.54,120.69,102.52,97.52,104.23,96.46,94.86,93.76,107.84,103.15,106.75,98.03,97.15,108.12,109.98,106.13,106.13
2016-04-10,98.57,101.40,95.58,95.18,86.21,97.08,90.61,98.19,105.86,96.11,97.38,97.26,107.35,95.73,95.46,101.96,93.12,94.26,84.51,99.76,97.51,105.98,94.67,95.33,90.84,102.19,86.16,86.16
2016-04-17,100.38,103.30,96.62,96.95,92.92,97.58,92.97,100.45,107.64,97.18,102.74,104.42,109.19,98.82,105.06,110.33,102.70,104.16,103.45,107.72,103.19,110.79,98.00,102.96,101.03,105.40,79.99,79.99
2016-04-24,101.87,103.52,97.49,100.61,118.52,101.68,93.19,100.53,107.78,98.25,100.01,102.58,104.20,98.42,104.17,106.53,98.50,106.48,100.81,105.61,101.51,110.53,98.31,100.97,97.08,103.27,83.28,83.28
2016-05-01,101.64,102.03,103.53,96.72,98.46,97.13,98.52,102.60,108.43,100.25,102.29,113.59,103.97,101.18,107.61,102.69,106.11,111.08,100.75,101.57,108.96,111.58,109.30,110.03,112.94,104.58,93.00,93.00
2016-05-08,105.65,103.68,112.75,101.27,107.12,104.12,99.40,99.01,102.46,101.26,100.25,122.07,99.68,95.81,113.79,104.20,111.53,119.45,122.23,102.40,100.77,101.29,106.22,101.78,99.31,96.26,118.68,118.68
2016-05-15,99.58,101.62,98.60,96.64,84.74,91.41,94.59,101.83,105.90,100.83,98.98,103.66,91.44,100.68,103.73,98.74,103.06,106.72,99.00,97.39,102.25,106.94,101.74,105.36,99.73,98.53,80.69,80.69
2016-05-22,100.17,101.25,100.33,98.48,92.31,93.36,93.76,101.53,105.99,102.19,98.51,107.79,90.00,99.17,102.56,97.39,98.98,106.75,113.54,96.51,100.15,101.71,99.96,101.26,101.18,97.94,91.74,91.74
2016-05-29,101.58,101.39,104.24,100.12,97.41,101.36,92.78,101.71,105.97,103.87,104.93,104.82,88.49,98.37,104.19,97.50,104.28,107.68,98.35,94.42,111.58,110.27,112.15,116.94,116.90,102.89,107.28,107.28
2016-06-05,103.64,103.78,103.17,105.07,110.96,98.59,96.17,102.31,106.45,101.50,106.54,105.26,88.52,100.83,105.74,99.39,104.61,109.31,108.80,98.97,102.45,102.75,102.67,105.80,105.85,96.68,104.24,104.24
2016-06-12,101.11,101.17,104.12,97.84,98.01,89.64,93.92,103.95,108.33,106.02,107.39,102.90,90.14,100.66,101.21,96.35,104.23,102.17,90.73,95.46,101.62,104.18,103.95,105.05,96.64,97.50,106.23,106.23
2016-06-19,104.49,102.87,111.02,102.59,98.94,97.51,97.89,103.84,107.34,105.40,109.94,103.99,88.37,101.19,108.28,96.66,114.93,109.88,104.04,99.53,104.00,103.43,108.77,107.97,99.38,98.49,125.51,125.51
2016-06-26,102.45,101.61,103.16,105.89,111.56,97.37,96.63,103.51,107.09,103.89,111.37,103.54,86.94,101.51,104.27,94.37,103.75,109.48,87.34,98.72,106.35,105.20,105.04,113.75,106.34,99.17,131.92,131.92
2016-07-03,102.07,100.87,105.78,105.02,93.09,95.78,98.57,105.55,108.98,107.32,117.21,113.89,87.86,102.61,104.41,93.01,106.51,108.90,88.74,95.56,105.12,101.59,105.20,109.96,108.57,99.09,156.72,156.72
2016-07-10,103.65,101.02,109.27,106.74,111.87,103.66,93.37,104.93,108.86,110.17,123.18,114.09,88.68,99.40,108.26,96.69,113.24,110.73,112.99,96.03,109.83,106.03,110.01,116.85,113.24,101.32,186.20,186.20
2016-07-17,98.45,96.25,106.58,97.97,85.42,90.57,93.56,105.87,108.82,111.62,121.81,120.80,91.31,100.52,108.92,95.91,119.45,109.47,96.99,94.84,101.72,97.30,106.72,104.97,101.15,96.33,137.46,137.46
2016-07-24,103.53,101.11,110.68,104.99,99.56,100.34,94.54,106.98,110.94,114.37,117.22,132.33,91.33,100.28,110.82,96.84,116.77,113.62,113.83,100.71,104.37,99.81,108.94,107.31,104.02,99.59,137.56,137.56
2016-07-31,101.58,99.10,110.28,100.14,91.55,91.06,98.53,111.57,115.13,120.43,128.41,141.20,95.64,103.92,107.06,95.60,117.17,106.82,103.43,94.99,113.84,107.25,117.77,116.94,123.22,105.32,115.86,115.86
2016-08-07,105.66,100.72,119.51,106.44,99.45,100.12,97.21,115.75,119.14,128.67,140.23,157.03,97.65,105.42,108.97,94.44,126.00,105.89,112.99,94.63,105.44,100.27,117.05,106.11,106.65,97.76,130.76,130.76
2016-08-14,108.68,100.74,134.74,103.25,87.65,91.60,98.15,111.77,115.38,125.39,139.02,164.85,99.54,100.68,113.25,96.37,137.80,107.79,101.94,91.55,105.59,97.51,130.66,102.78,99.85,96.86,119.27,119.27
2016-08-21,105.85,102.62,115.56,106.51,93.57,104.64,101.35,107.57,110.69,116.69,128.09,134.78,95.61,99.83,105.96,94.41,115.08,105.94,105.72,97.85,101.72,95.05,104.72,105.59,99.65,98.57,117.60,117.60
2016-08-28,99.96,99.29,104.32,98.77,86.78,91.35,98.21,107.37,111.24,113.43,120.61,115.18,87.02,101.59,95.90,92.04,102.41,94.58,83.16,89.45,102.31,101.50,103.42,106.82,101.79,96.87,100.31,100.31
2016-09-04,101.57,101.74,104.19,102.51,80.13,94.60,98.59,107.35,111.76,112.40,114.17,104.59,90.77,102.14,98.60,95.78,100.80,99.07,92.46,92.73,97.07,99.57,98.27,100.18,96.42,92.02,93.62,93.62
2016-09-11,100.76,99.31,103.69,101.67,109.85,96.60,96.12,106.06,108.09,112.51,113.00,99.48,94.02,101.11,96.24,90.67,98.74,98.15,80.85,87.36,99.33,102.42,102.51,101.54,97.18,94.43,90.00,90.00
2016-09-18,96.82,97.41,100.02,92.44,77.03,88.37,95.45,103.66,107.13,106.82,108.08,95.54,88.76,100.14,93.01,87.65,96.86,93.62,78.71,90.04,94.58,98.00,95.01,95.23,91.36,93.83,85.51,85.51
2016-09-25,102.29,102.31,101.44,101.03,117.50,102.36,97.82,99.98,105.08,100.43,103.91,96.08,89.16,97.28,96.52,93.90,96.89,96.90,115.39,94.20,97.28,101.86,97.08,99.39,98.37,92.77,99.44,99.44
2016-10-02,100.42,100.98,100.89,100.06,90.34,96.45,98.26,105.32,107.37,108.06,112.84,105.08,95.16,102.56,95.18,92.12,98.47,95.12,81.42,93.07,102.74,103.00,98.77,105.52,109.95,98.73,84.60,84.60
2016-10-09,99.46,99.69,99.56,98.77,100.97,101.04,94.39,106.58,109.42,109.45,116.13,126.61,105.26,103.07,93.61,91.75,94.32,93.61,93.71,98.54,96.67,102.18,95.51,96.38,92.78,97.70,71.73,71.73
2016-10-16,101.70,103.05,99.23,101.52,100.29,108.32,94.85,103.47,107.76,105.43,112.64,142.42,114.41,99.57,105.11,108.41,104.19,104.25,105.36,106.09,102.51,105.78,96.56,104.50,104.19,102.40,76.69,76.69
2016-10-23,100.40,100.26,97.11,99.12,141.52,105.05,91.81,104.81,110.23,107.93,108.75,122.41,120.32,99.92,94.40,97.58,92.67,93.35,103.42,101.41,96.24,101.60,92.65,95.06,96.01,98.31,70.87,70.87
2016-10-30,99.02,100.96,94.90,96.17,109.18,100.40,92.62,102.85,110.08,103.37,109.05,132.21,118.93,98.54,97.52,101.83,94.65,96.92,98.01,104.78,106.34,112.66,96.79,107.40,116.43,104.65,71.12,71.12
2016-11-06,101.67,103.21,96.49,103.69,109.14,117.18,93.81,99.04,107.29,98.99,105.66,132.04,123.43,94.45,101.18,102.45,93.92,103.60,119.86,110.30,99.45,105.48,92.39,98.56,106.29,99.94,88.10,88.10
2016-11-13,98.65,101.03,92.26,97.23,111.43,110.54,90.53,99.32,108.88,98.63,105.13,131.30,129.47,94.48,90.61,98.54,86.60,88.34,99.77,106.29,98.22,108.80,91.36,96.47,101.07,99.85,73.17,73.17
2016-11-20,98.82,100.47,97.19,95.46,93.61,107.02,91.52,99.16,106.67,98.73,100.50,114.66,123.85,95.44,94.55,99.39,95.48,90.91,104.11,107.12,96.96,105.42,92.46,94.76,97.25,99.43,80.36,80.36
2016-11-27,98.24,100.20,93.72,95.59,105.52,108.89,92.77,97.58,105.79,95.01,100.58,118.05,124.77,94.71,93.86,101.25,89.93,92.42,95.23,103.60,100.13,110.08,94.01,99.45,102.14,100.62,90.83,90.83
2016-12-04,100.87,102.60,94.84,102.89,109.81,115.17,95.13,100.27,109.17,96.47,103.72,125.48,133.64,97.71,96.99,103.06,93.71,95.27,106.44,109.67,103.79,111.30,95.26,102.50,116.96,102.15,92.57,92.57
2016-12-11,102.33,102.33,96.43,104.51,144.73,124.08,93.21,99.42,108.65,96.29,102.86,125.60,143.74,96.19,100.56,104.36,97.24,100.02,106.90,110.94,106.24,114.78,95.74,104.81,123.92,103.59,96.45,96.45
2016-12-18,101.84,103.63,96.23,103.20,110.59,118.39,92.98,99.63,110.48,95.95,109.18,134.13,151.63,95.63,107.49,109.30,106.57,106.13,114.53,121.13,111.02,115.48,101.07,109.93,125.88,110.45,103.57,103.57
2016-12-25,110.98,109.50,113.94,108.64,132.37,126.82,96.08,100.44,109.08,99.20,107.91,121.08,153.95,96.13,113.75,113.16,116.32,112.20,110.26,119.83,113.41,114.96,110.53,111.99,125.00,110.89,99.09,99.09
2017-01-01,127.97,128.84,139.63,109.72,97.82,128.88,101.12,101.09,108.17,100.75,119.13,140.75,166.39,96.39,125.07,132.24,142.01,113.37,104.63,121.56,113.47,111.20,130.89,107.98,109.95,110.04,81.40,81.40
2017-01-08,92.41,92.68,92.09,86.91,96.11,121.76,89.32,92.08,99.83,91.13,106.64,122.92,154.16,87.63,82.79,90.35,81.99,77.86,88.88,114.13,88.01,91.18,79.62,83.28,89.56,97.49,141.18,141.18
2017-01-15,96.81,101.65,87.27,95.00,78.49,116.77,93.81,92.94,101.63,87.66,100.27,112.05,142.41,91.13,87.10,99.78,85.74,81.00,85.69,113.71,95.34,106.59,82.31,96.79,93.16,99.84,81.71,81.71
2017-01-22,96.91,101.91,86.89,93.78,87.17,113.95,91.56,97.44,110.11,92.98,102.89,123.04,156.10,93.13,85.36,99.55,82.09,79.20,94.79,114.90,95.14,109.82,84.52,93.71,91.88,100.52,80.71,80.71
2017-01-29,97.71,102.37,88.85,92.57,91.85,115.96,91.47,97.62,111.50,93.22,101.33,118.37,153.86,92.82,88.95,103.23,86.25,83.18,87.02,112.85,102.09,118.86,90.87,102.17,102.39,103.65,79.71,79.71
2017-02-05,100.66,105.54,91.63,95.79,88.69,121.67,95.12,97.08,109.20,92.50,94.27,107.83,149.28,93.54,89.40,102.84,87.20,82.96,94.44,120.40,98.63,110.91,88.07,94.50,96.25,107.54,88.23,88.23
2017-02-12,103.39,112.25,90.32,89.88,83.20,110.79,92.76,96.34,110.25,91.97,95.69,105.82,146.74,91.77,86.36,107.85,86.03,76.27,78.58,114.03,94.16,115.81,87.50,90.57,85.80,99.19,85.55,85.55
2017-02-19,102.91,109.15,93.66,93.55,85.97,120.00,92.86,98.33,110.03,95.31,98.02,119.48,149.34,93.90,94.62,109.36,95.29,86.31,100.48,121.06,99.33,113.57,91.92,97.01,97.45,102.97,92.56,92.56
2017-02-26,99.84,102.80,92.95,95.03,112.28,117.31,92.20,98.08,111.04,94.90,94.97,107.20,139.57,93.42,89.42,100.91,88.90,83.87,82.00,110.87,102.78,116.86,94.23,99.85,105.48,105.76,92.93,92.93
2017-03-05,102.88,106.10,95.71,99.72,108.04,121.61,94.40,100.14,113.23,96.34,96.93,107.62,135.70,95.88,92.20,102.58,90.94,86.98,93.03,117.74,101.85,113.16,93.75,98.48,103.79,106.37,105.74,105.74
2017-03-12,99.76,102.80,92.49,92.83,122.28,115.42,91.06,98.31,111.30,95.75,94.51,110.41,136.51,93.29,88.15,101.81,88.25,81.41,79.22,109.82,97.93,114.15,92.54,93.98,94.06,102.28,114.20,114.20
2017-03-19,97.63,100.00,95.40,89.67,93.83,109.61,91.47,100.36,113.17,99.66,97.17,119.89,138.03,94.24,94.96,104.19,96.60,88.50,110.33,113.85,95.91,107.27,90.97,90.03,96.80,101.62,114.14,114.14
2017-03-26,100.96,102.42,96.75,97.68,113.70,124.92,93.50,98.18,110.25,96.84,95.38,115.70,129.48,92.87,94.87,101.71,93.60,91.85,96.27,108.99,105.06,115.09,97.39,103.34,111.59,105.62,136.02,136.02
2017-04-02,101.44,104.10,97.42,95.79,102.27,107.25,95.44,101.05,113.82,99.15,99.64,115.58,126.63,95.80,96.17,104.68,94.00,93.30,92.30,108.02,101.37,111.23,94.16,98.79,111.06,101.14,117.01,117.01
2017-04-09,100.16,103.21,97.44,95.72,84.28,100.74,91.16,99.57,111.00,99.45,98.19,106.91,118.98,93.97,95.29,106.85,94.12,91.14,82.57,103.78,94.96,109.54,92.38,93.40,91.78,94.82,96.33,96.33
2017-04-16,102.63,105.42,98.97,97.18,103.57,104.11,92.59,105.16,117.36,105.96,105.63,128.62,132.45,98.39,105.87,114.95,104.83,102.69,102.62,109.27,103.49,116.80,96.90,104.38,102.59,102.68,87.83,87.83
2017-04-23,101.07,102.51,97.38,98.55,122.36,103.91,89.13,102.01,114.21,102.03,100.21,118.77,121.36,95.91,100.89,104.69,97.48,101.55,89.09,103.01,99.10,109.84,94.61,98.49,101.19,98.03,92.49,92.49
2017-04-30,100.63,101.58,101.09,95.81,99.85,100.50,93.69,102.99,114.01,103.31,100.90,125.46,116.95,97.31,106.02,105.88,104.66,107.55,93.80,101.75,111.09,118.39,105.61,112.92,123.11,104.34,90.82,90.82
2017-05-07,106.84,104.30,117.61,100.87,98.79,107.31,95.43,100.66,108.95,106.73,107.10,146.23,117.05,92.33,117.87,109.14,118.57,122.20,105.84,105.94,103.86,106.09,107.60,104.46,108.35,97.54,133.33,133.33
2017-05-14,99.10,100.40,99.17,94.30,96.15,96.50,91.69,99.94,107.27,100.28,99.27,107.70,102.93,96.17,96.67,97.93,98.00,95.22,95.84,99.55,98.11,106.09,96.89,99.81,100.94,92.72,84.44,84.44
2017-05-21,101.98,102.36,103.32,100.12,100.95,102.61,90.66,101.88,110.47,105.09,102.34,125.46,102.22,95.65,108.43,103.52,114.54,107.55,100.18,102.94,103.16,106.50,100.94,105.62,108.21,98.20,97.31,97.31
2017-05-28,101.90,101.62,106.09,97.38,100.39,102.01,89.04,100.41,108.84,103.75,102.42,114.31,97.90,94.24,108.40,101.64,116.44,107.14,108.98,98.89,109.11,110.65,109.30,112.82,115.84,100.84,107.47,107.47
2017-06-04,103.70,102.05,111.31,100.05,99.60,97.06,93.06,101.74,109.16,104.94,105.55,117.66,94.89,96.11,112.28,102.01,128.32,108.14,106.77,101.22,107.21,106.31,114.85,108.42,111.23,98.78,112.49,112.49
2017-06-11,102.90,102.77,102.95,99.94,130.68,97.82,89.67,103.93,111.87,106.40,102.92,113.43,103.35,98.62,100.41,101.93,101.70,99.71,88.67,96.26,101.49,109.94,98.88,105.71,103.40,94.46,102.96,102.96
2017-06-18,104.05,103.23,109.83,99.15,101.64,101.39,92.11,103.47,111.73,106.59,104.65,118.95,101.37,97.51,109.59,106.31,115.24,107.96,108.13,106.02,105.95,110.01,108.47,108.84,107.38,98.65,105.14,105.14
2017-06-25,103.45,102.76,105.08,101.63,121.44,103.91,92.09,103.07,111.36,106.34,108.84,110.93,97.02,96.95,103.67,102.72,106.30,103.01,92.66,102.04,106.97,109.78,104.34,112.07,115.66,97.68,118.05,118.05
2017-07-02,102.06,100.88,106.91,101.47,98.73,96.99,93.90,104.01,111.53,108.14,114.87,110.19,98.90,97.58,105.11,100.27,110.40,105.02,86.76,99.28,107.20,106.38,106.23,113.32,116.96,96.39,154.60,154.60
2017-07-09,103.15,100.19,110.04,104.61,114.51,103.65,90.71,103.12,110.38,111.80,123.05,117.74,93.03,93.76,107.54,98.53,116.90,106.38,104.42,100.63,106.61,106.00,108.13,115.42,108.90,94.49,184.74,184.74
2017-07-16,102.58,98.46,116.38,100.22,91.31,94.70,93.59,107.87,112.58,120.78,134.04,138.60,97.27,96.84,114.39,99.76,132.77,110.91,101.93,103.08,108.47,103.69,116.83,114.18,113.95,95.07,179.62,179.62
2017-07-23,104.34,100.77,115.20,102.85,103.36,104.32,92.64,106.69,112.33,119.05,122.74,129.05,103.53,95.85,111.32,100.13,124.36,108.74,110.51,105.78,105.05,101.71,113.58,109.47,108.26,93.59,172.22,172.22
2017-07-30,101.75,99.09,111.66,99.32,92.88,94.81,93.11,107.79,114.56,119.02,125.08,124.67,102.74,97.10,106.59,98.48,119.78,103.23,90.75,100.16,110.00,107.02,113.83,115.58,118.56,97.78,135.56,135.56
2017-08-06,106.81,103.40,118.24,106.21,95.12,101.49,97.27,111.73,116.68,122.61,129.07,130.88,101.48,102.17,111.64,102.50,128.07,106.69,102.67,104.00,106.30,106.32,116.65,109.94,105.24,95.31,126.30,126.30
2017-08-13,107.33,101.72,128.46,100.63,84.68,94.78,94.31,106.24,112.65,116.23,130.18,141.14,104.65,96.14,112.78,100.19,136.90,105.63,91.02,99.18,102.71,102.08,125.34,101.66,95.39,91.73,118.91,118.91
2017-08-20,105.23,102.23,113.48,105.19,102.82,110.76,97.58,101.67,107.31,108.76,121.39,119.88,104.44,93.89,108.59,99.10,116.01,108.76,99.47,103.95,102.64,99.47,103.12,107.61,98.88,99.54,120.19,120.19
2017-08-27,100.58,98.97,107.68,98.16,90.83,94.90,94.05,106.27,110.84,116.91,120.04,116.41,97.25,97.20,99.91,93.62,109.80,97.31,83.10,99.91,103.98,104.11,104.60,109.63,104.82,96.58,108.16,108.16
2017-09-03,102.14,101.77,106.36,101.01,86.78,98.25,95.73,103.46,108.16,109.59,109.82,104.20,94.48,97.37,101.28,96.13,107.30,100.37,91.04,99.25,100.52,103.04,100.72,103.65,104.55,93.90,97.99,97.99
2017-09-10,99.42,99.34,100.93,98.40,99.30,98.99,92.58,101.57,106.95,105.62,107.52,99.55,96.12,96.42,96.31,92.75,99.11,96.81,79.74,94.31,97.56,105.03,97.85,99.07,95.58,93.83,84.15,84.15
2017-09-17,98.27,100.39,99.10,90.09,82.41,89.84,93.51,100.41,107.24,102.75,102.77,91.06,95.22,95.76,97.12,99.99,105.28,91.27,95.59,97.82,93.62,102.17,94.73,93.38,90.55,91.48,83.26,83.26
2017-09-24,101.52,100.55,104.12,99.69,112.49,107.98,91.99,99.34,105.58,104.23,101.61,97.51,97.26,93.34,101.76,102.69,107.33,97.86,103.11,105.94,98.56,101.51,99.20,98.91,100.99,95.44,93.34,93.34
2017-10-01,100.38,101.11,100.84,96.75,98.43,100.68,95.08,103.20,108.38,107.00,105.13,104.55,99.26,98.39,99.15,101.33,104.31,95.54,85.66,102.27,109.08,110.84,102.87,110.51,126.44,102.74,81.88,81.88
2017-10-08,98.82,100.27,97.16,95.16,101.97,104.59,89.79,104.30,111.56,107.20,109.16,126.64,110.40,98.72,94.29,100.07,99.19,88.40,93.70,105.68,95.40,101.45,93.06,91.96,95.61,98.71,70.31,70.31
2017-10-15,101.69,103.23,100.80,97.80,97.49,106.29,92.93,101.66,109.12,104.98,109.01,123.11,109.42,95.62,101.48,107.48,109.22,94.71,86.20,107.62,98.25,105.29,98.19,98.28,94.38,97.57,78.91,78.91
2017-10-22,101.47,105.29,91.83,94.49,134.20,106.31,91.68,98.73,109.79,97.82,106.42,108.79,116.79,93.50,88.84,100.58,87.60,83.79,87.51,104.57,92.53,104.83,88.16,90.10,91.64,94.38,72.38,72.38
2017-10-29,101.00,104.08,94.43,97.29,113.72,106.39,90.65,99.17,110.06,99.32,104.80,117.92,118.59,93.37,97.94,107.85,97.87,93.69,90.61,106.05,104.86,114.59,96.12,105.47,113.50,102.60,72.74,72.74
2017-11-05,104.13,106.07,99.99,104.82,104.63,117.83,91.88,99.24,110.62,101.78,106.94,130.31,120.20,91.60,107.17,112.00,104.80,105.83,113.90,115.02,103.52,109.51,97.85,102.61,109.35,103.55,89.18,89.18
2017-11-12,98.67,101.25,93.31,96.33,105.11,108.91,88.17,98.21,108.15,100.23,100.93,117.12,125.07,91.74,93.70,103.16,94.32,88.56,93.36,108.23,99.23,109.00,92.50,97.81,101.60,100.92,73.02,73.02
2017-11-19,98.45,101.46,94.36,92.46,95.57,108.65,89.18,96.95,107.60,96.74,101.41,121.46,121.93,91.43,96.46,107.28,100.81,88.19,105.00,113.09,96.69,106.58,90.16,93.20,101.13,99.59,82.11,82.11
2017-11-26,103.50,105.42,96.62,104.14,124.68,123.66,91.09,96.35,107.37,94.98,103.83,142.51,124.34,91.11,99.19,109.15,97.63,94.50,107.80,118.20,104.27,113.01,94.72,103.38,115.10,103.60,99.46,99.46
2017-12-03,100.49,102.78,95.01,100.11,103.71,114.71,92.20,98.51,108.90,96.88,101.55,120.87,129.17,93.98,99.60,108.38,99.70,94.71,105.12,115.89,103.99,110.75,96.25,101.36,119.58,102.46,92.46,92.46
2017-12-10,102.80,104.16,94.53,102.48,149.95,124.43,89.56,97.73,110.49,94.78,105.09,132.24,137.33,92.58,102.03,111.89,100.54,97.53,106.61,120.24,106.03,114.84,95.22,102.99,129.10,102.74,102.46,102.46
2017-12-17,103.05,105.20,96.09,103.17,122.53,121.31,90.56,98.35,111.27,95.06,109.61,138.98,146.22,93.08,110.14,120.62,113.65,102.42,115.74,129.16,111.61,117.31,100.83,109.30,130.55,110.60,109.08,109.08
2017-12-24,109.66,109.73,108.69,107.14,134.96,129.12,91.42,98.60,110.29,97.03,107.52,133.47,150.89,92.92,111.41,118.55,115.04,105.46,109.21,126.99,111.93,117.45,106.84,107.73,130.11,109.50,98.62,98.62
2017-12-31,137.80,140.73,145.78,118.47,107.98,132.08,106.65,101.58,108.31,99.45,118.11,142.46,164.00,98.22,137.61,144.63,156.06,125.04,115.30,135.80,126.27,123.87,140.06,121.40,132.58,119.95,82.30,82.30
2018-01-07,89.74,88.17,94.21,81.23,101.19,126.59,82.15,90.31,99.30,92.84,107.67,135.26,157.66,82.91,81.71,96.40,85.43,70.97,84.55,119.81,85.39,87.18,79.02,78.03,88.82,96.05,155.41,155.41
2018-01-14,95.33,100.57,85.79,92.38,75.51,117.42,88.65,92.51,102.98,88.74,100.89,120.34,153.13,88.71,87.09,104.08,85.06,79.17,82.49,122.11,95.39,108.13,83.48,95.24,93.72,100.12,85.68,85.68
2018-01-21,99.00,103.45,89.20,96.07,97.48,127.25,89.34,97.75,109.92,95.17,97.73,113.39,164.57,92.70,92.16,108.66,92.93,82.17,96.68,132.57,99.79,112.28,89.23,96.93,100.28,105.74,78.73,78.73
2018-01-28,96.97,103.32,86.51,88.26,81.15,117.86,89.72,95.73,112.25,91.22,103.44,111.67,163.48,89.52,83.46,101.81,81.50,75.07,75.85,118.39,97.35,117.56,86.63,95.20,96.58,100.39,78.25,78.25
2018-02-04,101.24,107.65,90.79,93.84,81.50,122.09,92.68,96.17,110.64,91.75,97.88,110.92,162.70,91.09,93.62,112.31,90.48,85.42,94.64,129.44,98.22,115.21,88.92,95.07,98.59,102.06,90.16,90.16
2018-02-11,101.72,109.64,89.47,90.33,87.29,112.93,89.31,97.37,113.68,93.96,100.26,117.88,158.88,90.77,89.36,113.60,87.64,78.55,78.53,124.24,96.55,120.04,91.24,92.30,91.72,98.98,84.71,84.71
2018-02-18,105.38,112.96,93.96,93.73,89.28,122.83,92.37,95.33,108.10,92.56,95.43,110.96,147.64,90.26,97.29,117.60,99.93,85.44,94.81,130.08,97.39,114.11,93.03,93.77,93.05,100.64,97.96,97.96
2018-02-25,100.33,103.89,91.96,95.10,117.10,120.18,89.16,99.07,113.64,96.33,97.00,115.20,146.43,93.24,90.27,107.70,91.59,80.63,80.58,122.18,102.86,117.79,91.87,98.97,108.93,106.72,91.02,91.02
2018-03-04,100.40,104.14,94.90,92.78,92.28,122.27,92.71,100.28,113.54,97.62,97.22,111.85,144.11,95.13,92.79,105.44,94.31,84.47,92.98,127.00,101.68,110.73,90.81,94.88,110.02,109.87,99.15,99.15
2018-03-11,99.08,102.69,90.50,91.79,120.99,119.53,89.51,97.94,112.56,94.48,96.31,107.82,140.69,92.58,88.73,104.39,91.04,79.60,75.23,117.09,97.84,112.02,88.52,91.41,101.46,104.91,111.16,111.16
2018-03-18,98.50,101.51,94.15,90.58,99.71,116.35,89.59,100.40,113.27,99.77,99.32,112.67,148.97,94.07,98.55,107.21,102.32,90.54,110.97,127.13,100.33,108.19,91.08,93.02,105.72,109.83,114.14,114.14
2018-03-25,100.95,102.45,97.07,94.73,123.21,121.22,91.15,98.82,113.02,97.59,99.05,114.79,133.09,92.32,95.02,103.61,97.56,89.08,87.48,113.54,100.76,111.22,92.86,95.98,112.79,102.20,128.56,128.56
2018-04-01,101.10,102.02,101.65,94.16,101.34,116.50,92.61,105.14,117.80,107.13,109.14,130.76,146.00,97.16,100.66,102.78,104.86,96.13,96.86,120.97,108.11,111.67,97.50,103.13,126.13,111.30,119.08,119.08
2018-04-08,100.66,103.43,97.46,96.20,94.37,110.09,88.33,100.72,113.68,101.26,105.62,117.27,129.56,93.63,98.35,104.92,101.27,93.13,90.32,115.41,98.55,109.71,91.34,94.76,100.72,102.91,96.75,96.75
2018-04-15,101.69,104.90,96.92,95.42,108.53,106.06,88.37,104.77,117.05,103.60,104.77,134.65,129.51,99.17,104.78,110.48,107.96,100.07,106.02,112.89,103.68,114.83,94.04,100.93,111.94,105.58,87.38,87.38
2018-04-22,102.05,103.39,99.12,96.81,131.78,101.50,87.29,104.81,118.21,106.69,108.08,136.92,120.55,96.80,99.76,100.44,100.22,98.88,95.42,106.98,100.58,109.09,94.71,96.42,112.61,100.60,93.26,93.26
2018-04-29,99.83,100.60,101.49,93.55,101.18,98.85,89.58,104.87,117.58,106.31,106.40,135.70,118.16,97.55,103.30,99.84,106.84,102.94,106.75,97.52,106.29,114.87,100.43,104.55,120.44,102.41,90.20,90.20
2018-05-06,107.29,105.83,114.91,101.82,101.25,108.37,96.55,98.40,106.95,103.31,104.76,141.37,114.77,90.69,116.42,109.27,121.13,117.78,102.65,105.47,116.55,120.53,107.89,118.76,129.07,112.57,144.74,144.74
2018-05-13,98.70,101.95,94.57,91.83,99.42,94.99,90.18,97.67,107.95,95.88,94.16,108.43,105.87,93.82,92.00,97.31,93.60,88.92,89.92,93.32,95.05,106.40,89.47,93.42,100.39,94.13,77.50,77.50
2018-05-20,103.06,103.65,103.74,101.35,105.12,102.52,90.12,102.26,111.36,105.59,108.58,131.69,103.80,95.49,107.43,102.53,114.46,106.08,91.62,104.45,105.01,109.22,100.12,107.04,111.99,101.20,109.09,109.09
2018-05-27,101.51,102.86,102.50,95.99,97.93,102.92,87.31,100.44,109.94,104.87,102.24,126.55,100.47,92.99,102.24,99.14,105.14,102.23,99.84,97.33,105.72,112.33,99.81,107.21,116.16,100.68,98.66,98.66
2018-06-03,103.61,104.24,104.27,101.98,106.50,98.63,91.09,102.89,111.99,105.30,105.59,119.11,99.50,96.93,105.78,102.84,110.11,105.25,93.91,100.17,103.04,108.30,99.44,105.79,113.04,95.63,106.17,106.17
2018-06-10,102.80,102.66,104.52,99.06,120.47,94.02,90.22,105.60,114.30,109.70,111.69,117.19,104.13,98.69,101.63,99.28,107.53,100.15,83.88,95.87,101.61,108.58,100.70,105.21,104.80,94.01,113.11,113.11
2018-06-17,103.80,103.73,107.44,101.23,97.50,100.33,91.77,103.46,115.40,104.35,107.89,115.96,102.83,97.02,109.60,106.38,118.40,106.45,101.41,104.54,104.34,108.98,103.83,106.75,106.42,99.21,110.34,110.34
2018-06-24,102.87,103.90,103.34,99.87,104.19,97.85,89.63,102.64,116.29,105.37,105.51,110.26,98.04,94.37,103.77,103.83,107.22,102.49,88.46,100.36,101.12,110.85,98.49,104.52,102.30,94.93,111.16,111.16
2018-07-01,105.44,103.38,112.77,103.44,105.89,100.66,94.59,108.10,116.22,115.19,125.93,124.36,96.27,99.37,107.81,98.87,118.82,106.32,92.81,97.03,116.23,114.38,115.17,123.71,132.16,101.26,185.26,185.26
2018-07-08,102.58,102.58,104.19,101.22,108.20,100.80,89.78,101.45,112.50,105.79,117.67,110.06,89.21,93.10,100.67,97.67,107.59,98.04,93.25,102.15,102.71,106.76,101.37,109.00,107.61,92.55,164.85,164.85
2018-07-15,104.95,101.65,116.30,103.06,101.79,98.43,90.12,109.05,117.38,122.30,134.03,151.66,99.19,96.05,116.21,100.59,133.17,113.89,101.62,106.44,109.51,108.67,115.40,115.15,117.87,95.09,176.34,176.34
2018-07-22,107.17,102.97,121.29,103.30,104.93,102.28,91.80,109.93,116.35,126.74,133.67,149.07,95.49,95.77,112.78,98.49,132.76,107.54,114.39,104.89,108.36,104.53,119.35,112.75,115.89,93.26,231.80,231.80
2018-07-29,106.63,105.15,116.21,99.59,97.93,97.59,92.08,109.02,117.69,121.68,124.32,132.67,93.93,96.70,102.99,96.87,120.86,95.85,87.91,100.49,110.20,111.35,117.23,112.69,122.78,95.82,148.13,148.13
2018-08-05,107.11,103.76,120.44,102.86,94.58,99.49,94.04,114.53,120.22,130.48,134.46,145.57,97.97,101.45,107.51,97.02,129.44,99.81,103.88,99.54,108.02,105.61,117.93,110.75,116.39,94.67,133.63,133.63
2018-08-12,107.42,103.90,123.82,99.55,87.87,96.04,92.03,110.10,118.48,122.59,128.16,141.37,104.13,97.79,105.48,94.31,127.57,98.62,86.84,94.98,102.97,106.09,120.53,102.61,102.74,89.96,109.64,109.64
2018-08-19,107.71,104.13,120.07,102.57,105.10,107.06,96.35,102.77,110.58,113.11,121.77,136.34,102.39,91.93,109.18,98.83,121.95,106.44,101.20,106.79,100.98,99.51,104.23,104.60,100.24,95.41,125.15,125.15
2018-08-26,102.08,102.13,107.08,95.17,93.86,94.57,92.97,107.02,112.92,119.06,116.56,124.66,96.99,96.56,94.15,89.71,106.19,89.23,78.36,98.52,101.22,105.32,101.96,105.68,106.37,91.55,99.99,99.99
2018-09-02,102.26,102.08,105.48,100.45,94.70,96.06,95.55,104.99,110.45,112.50,109.77,108.82,92.46,97.77,96.86,91.83,103.97,94.44,88.73,105.94,99.54,103.62,98.61,103.50,104.66,91.64,106.98,106.98
2018-09-09,99.95,102.28,99.43,95.03,84.32,90.52,93.21,102.43,111.88,107.23,115.57,93.26,87.87,94.79,93.44,95.91,99.01,89.46,69.89,101.65,92.78,106.04,94.01,96.22,91.19,83.85,89.99,89.99
2018-09-16,99.51,101.01,98.60,94.06,96.80,90.80,100.01,102.73,109.18,105.55,103.99,95.01,92.14,98.06,99.90,98.83,104.61,97.56,82.32,109.18,96.17,106.79,95.35,99.86,96.19,88.61,91.38,91.38
2018-09-23,100.04,99.84,101.07,92.59,105.35,94.83,113.63,104.81,108.06,106.07,102.01,97.08,96.38,102.72,97.12,95.18,99.07,95.97,103.03,106.18,93.40,100.39,93.31,95.13,96.51,87.38,97.08,97.08
2018-09-30,106.95,108.82,97.32,95.77,91.00,97.39,194.96,126.54,109.25,99.24,103.56,89.28,93.70,152.79,94.32,99.18,94.46,92.05,85.14,102.08,101.45,113.14,94.96,106.12,108.90,92.74,91.82,91.82
2018-10-07,101.19,104.24,100.90,97.17,93.57,107.30,62.92,95.08,113.00,109.05,108.06,123.28,107.07,77.29,92.94,91.70,95.05,91.45,83.97,108.39,96.05,102.50,92.94,97.47,97.22,93.71,77.91,77.91
2018-10-14,97.91,100.97,97.00,92.24,88.56,96.71,73.43,96.21,109.86,103.91,104.74,130.53,104.73,84.42,93.88,95.89,95.77,91.66,76.70,106.83,95.72,104.47,92.82,97.57,92.52,93.99,84.32,84.32
2018-10-21,102.22,103.97,97.09,98.68,141.21,109.01,80.34,100.80,113.72,105.62,103.89,125.80,116.29,91.28,99.35,100.68,101.00,96.41,100.03,120.34,102.17,109.13,93.84,103.03,107.61,101.87,79.29,79.29
2018-10-28,99.01,102.22,94.37,91.09,113.07,103.69,82.44,99.63,111.39,102.51,99.96,115.22,109.39,92.06,95.14,98.86,94.06,93.39,85.01,112.54,104.38,114.26,94.53,105.54,114.18,101.63,76.84,76.84
2018-11-04,99.62,103.22,93.90,95.48,98.77,111.30,84.46,97.74,108.97,99.71,98.87,120.70,112.87,90.83,95.51,97.81,92.13,94.86,103.71,115.88,98.96,107.88,90.15,98.44,107.44,98.41,88.42,88.42
2018-11-11,97.33,100.37,93.08,91.51,98.46,105.02,85.63,100.30,110.33,102.71,95.81,103.19,115.77,94.00,88.29,94.95,88.47,84.54,78.50,107.09,96.86,108.09,90.73,97.20,97.90,96.19,79.99,79.99
2018-11-18,97.61,100.86,94.02,90.16,93.83,102.57,87.27,99.52,110.17,99.51,95.97,109.73,113.93,94.32,92.87,98.98,96.08,87.06,96.24,113.19,95.99,106.46,88.68,95.64,99.25,96.14,88.38,88.38
2018-11-25,101.13,104.08,94.51,97.07,117.05,112.11,89.31,98.84,110.16,97.26,99.49,119.51,117.94,94.06,92.41,98.10,91.22,89.69,84.55,112.60,100.78,111.96,91.72,101.36,109.94,97.96,104.91,104.91
2018-12-02,99.67,103.36,93.60,95.76,94.83,103.84,91.46,99.82,108.81,97.39,96.00,109.91,119.00,96.87,92.96,99.51,92.00,89.55,94.60,111.49,101.92,110.66,91.00,101.50,116.86,99.67,95.55,95.55
2018-12-09,99.40,102.54,91.84,93.15,123.65,110.35,89.58,98.51,108.66,94.73,96.49,98.64,120.83,95.79,92.47,98.69,91.96,89.26,84.83,110.56,98.07,110.32,89.12,96.85,112.25,94.45,123.38,123.38
2018-12-16,104.28,106.98,96.20,102.53,127.76,120.78,92.44,100.52,111.74,95.62,107.15,133.68,132.98,97.40,104.02,107.80,105.87,100.37,101.48,120.73,108.39,114.80,95.00,108.99,126.57,105.99,130.50,130.50
2018-12-23,104.98,106.45,102.41,99.20,123.84,115.99,91.69,101.26,111.13,98.31,101.43,117.07,141.09,97.82,101.80,104.71,105.11,98.18,95.80,112.82,108.38,115.58,100.56,108.00,124.55,103.86,97.96,97.96
2018-12-30,131.42,136.52,132.92,113.82,102.03,124.42,104.88,101.65,105.92,97.16,111.26,129.37,150.58,101.34,129.73,130.72,141.25,123.64,107.15,127.05,122.36,122.36,125.62,123.72,131.65,113.97,94.62,94.62
2019-01-06,102.01,100.16,113.70,84.83,93.92,127.41,91.49,88.83,95.46,90.24,104.82,132.54,141.05,83.47,86.29,95.56,95.33,75.66,78.11,115.11,96.33,99.95,86.63,92.23,100.55,104.56,166.45,166.45
2019-01-13,93.46,98.71,84.34,87.54,76.82,114.17,89.12,97.66,107.20,92.80,102.32,116.60,163.59,95.08,80.42,91.74,79.51,74.15,79.73,113.53,94.60,106.30,80.65,94.74,93.55,100.53,81.86,81.86
2019-01-20,98.51,103.12,88.89,93.97,93.81,129.31,90.88,96.21,106.91,92.54,93.07,112.26,170.00,92.52,88.69,101.17,91.13,79.67,86.83,127.66,99.22,110.99,86.42,99.76,96.42,104.70,90.96,90.96
2019-01-27,97.04,103.20,87.39,86.95,79.41,120.50,91.58,97.26,109.68,92.64,93.79,100.95,176.36,93.37,83.83,99.71,83.96,75.29,74.29,118.69,99.19,115.77,87.24,99.29,97.65,102.24,76.86,76.86
2019-02-03,101.62,108.44,91.60,90.98,79.77,118.88,94.69,97.56,109.40,92.21,92.72,99.48,164.16,94.58,86.90,101.89,85.32,79.74,85.88,117.14,96.47,112.67,85.96,95.35,96.52,99.24,85.27,85.27
2019-02-10,99.59,108.14,88.53,82.38,76.27,106.84,92.41,98.78,111.97,93.93,93.80,104.00,157.34,94.92,84.52,103.65,84.80,75.30,68.84,111.77,92.93,115.55,86.29,90.69,85.64,95.51,84.96,84.96
2019-02-17,107.29,115.97,93.33,94.29,95.68,118.93,95.67,96.42,107.19,90.88,96.04,103.98,140.36,94.15,96.49,115.81,98.16,85.93,92.56,125.13,95.96,113.44,88.41,94.76,92.23,98.11,105.69,105.69
2019-02-24,97.67,102.67,89.77,87.13,91.68,120.27,91.18,99.64,112.09,94.84,95.46,94.87,141.57,96.33,89.10,104.96,89.52,80.97,77.30,116.86,98.65,114.64,89.06,95.74,100.32,102.13,92.46,92.46
2019-03-03,100.32,105.13,92.74,90.73,93.59,118.44,94.75,102.25,113.40,96.44,94.82,92.90,139.65,100.36,89.81,103.97,90.54,81.64,84.13,122.67,103.47,114.01,91.33,99.15,108.00,110.99,102.76,102.76
2019-03-10,97.74,102.31,89.54,87.04,103.64,120.47,90.61,100.54,115.21,95.45,95.18,91.26,136.21,96.47,86.26,100.43,85.62,79.43,68.29,116.55,99.51,113.57,88.45,95.29,97.59,108.00,113.04,113.04
2019-03-17,99.76,104.38,91.62,90.16,103.85,116.97,92.31,100.81,115.96,96.31,95.16,92.80,133.30,96.21,94.12,106.23,95.33,86.55,102.25,119.46,97.39,110.94,89.39,92.30,96.23,104.54,116.72,116.72
2019-03-24,97.83,100.98,94.61,86.60,97.51,108.49,91.33,100.89,114.72,98.93,95.28,94.96,130.10,95.37,92.24,101.61,92.27,87.24,88.25,111.85,96.47,107.35,90.11,91.92,103.98,98.58,132.37,132.37
2019-03-31,101.84,105.38,96.80,91.67,104.30,117.58,94.25,104.61,119.57,101.52,99.79,101.02,128.69,99.27,95.38,105.77,95.63,89.78,93.16,115.17,108.20,120.14,97.57,107.11,121.61,106.10,125.86,125.86
2019-04-07,104.45,109.69,98.99,93.97,87.56,107.16,92.97,104.28,120.95,101.72,100.90,108.27,125.31,97.75,94.76,102.99,95.56,90.20,82.92,111.88,95.81,110.94,89.02,93.21,100.44,95.84,99.34,99.34
2019-04-14,99.01,105.52,92.49,85.86,71.85,98.61,90.30,105.58,120.76,101.60,101.18,107.51,125.07,100.67,93.41,102.57,92.20,89.22,90.69,112.17,94.39,112.65,89.84,91.61,94.88,93.93,90.21,90.21
2019-04-21,106.11,109.18,100.83,96.41,129.68,109.97,93.44,107.95,121.78,106.78,105.67,113.79,124.45,101.93,105.50,106.23,107.81,103.48,96.93,115.54,105.65,118.09,99.12,104.77,112.76,103.29,100.32,100.32
2019-04-28,101.90,104.03,101.89,90.13,102.44,100.90,95.08,108.17,119.79,106.30,108.08,108.58,120.83,103.64,100.73,96.09,103.28,101.46,98.69,97.08,103.71,116.40,101.97,105.14,110.16,95.52,99.52,99.52
2019-05-05,106.79,106.27,117.45,92.33,83.49,104.34,97.52,101.35,113.40,106.24,106.01,135.44,118.44,92.07,114.44,104.80,115.52,118.68,94.98,109.30,108.23,117.31,107.65,108.68,109.56,104.18,160.87,160.87
2019-05-12,104.37,107.91,101.95,95.91,90.33,100.10,95.72,100.74,107.76,99.32,94.64,110.34,102.84,98.36,100.37,95.69,98.37,103.43,104.63,97.80,98.62,108.17,95.72,102.04,102.00,91.57,107.33,107.33
2019-05-19,101.25,104.14,99.83,93.38,89.13,98.63,92.92,103.70,112.19,105.02,98.81,101.77,99.01,99.06,102.61,98.19,104.92,103.15,92.86,106.04,98.86,107.99,94.94,101.46,102.03,93.76,104.65,104.65
2019-05-26,104.91,106.24,106.14,97.90,102.90,106.25,91.95,105.25,115.13,109.90,102.45,116.75,100.64,97.76,102.17,96.07,103.62,103.83,102.69,101.29,106.18,113.19,103.57,111.23,117.45,94.16,122.56,122.56
2019-06-02,105.03,106.58,105.94,99.02,97.24,97.53,96.52,105.49,115.36,106.21,101.19,101.70,95.17,100.62,102.14,96.75,104.55,102.86,103.33,102.45,103.35,109.22,101.91,108.63,111.15,92.35,136.56,136.56
2019-06-09,102.99,105.01,103.87,94.30,96.49,90.24,94.40,105.89,116.32,106.81,103.80,102.27,95.42,100.56,98.78,94.83,101.46,99.28,83.49,99.44,96.98,107.66,98.73,102.24,94.21,87.11,126.42,126.42
2019-06-16,105.86,107.85,106.49,98.38,93.61,101.99,98.07,107.27,118.93,105.23,102.97,98.05,96.71,103.26,103.93,99.95,109.61,102.35,95.89,106.44,100.47,112.23,101.73,104.42,101.04,90.46,118.89,118.89
2019-06-23,103.68,105.76,103.22,97.03,97.89,100.28,94.04,107.92,120.56,109.76,108.02,104.35,98.25,100.89,99.97,95.18,100.47,101.91,89.33,100.65,101.55,110.10,99.66,106.96,103.82,92.42,127.47,127.47
2019-06-30,104.25,105.96,104.46,97.74,97.68,96.67,98.40,108.22,121.17,108.60,110.10,98.67,97.47,101.93,99.19,96.99,101.83,99.18,78.99,99.84,107.25,115.92,105.80,115.03,112.34,93.64,150.60,150.60
2019-07-07,104.51,106.23,104.02,101.29,97.47,99.26,94.36,104.98,117.79,107.00,111.68,99.06,95.07,97.57,102.01,94.51,103.17,105.46,78.81,96.96,100.72,106.22,98.01,108.93,102.75,90.18,145.69,145.69
2019-07-14,101.25,103.00,101.17,95.12,93.76,101.47,93.53,104.89,118.22,106.68,107.89,93.56,96.76,97.51,99.29,93.04,100.73,101.97,74.63,96.61,98.58,108.30,99.62,103.82,96.83,89.09,124.15,124.15
2019-07-21,105.57,107.52,105.61,100.54,92.03,103.74,96.69,105.65,117.97,109.20,113.61,98.12,97.34,97.50,104.54,96.73,110.54,105.38,80.54,99.23,101.19,108.70,101.94,108.52,100.13,89.97,155.25,155.25
2019-07-28,104.27,104.28,109.76,96.72,92.93,98.73,95.96,110.58,121.80,119.31,132.57,117.27,95.62,99.33,102.13,90.97,110.45,102.95,84.69,94.39,107.67,111.87,111.55,115.56,112.39,92.01,169.27,169.27
2019-08-04,110.45,107.45,124.29,105.07,88.94,101.49,98.74,118.38,127.16,132.47,148.42,142.86,96.15,104.73,108.48,91.30,124.15,107.50,98.34,97.09,108.80,108.72,120.57,114.86,114.16,90.92,207.53,207.53
2019-08-11,109.30,105.85,126.19,99.92,85.02,98.31,97.13,114.85,124.57,128.55,132.13,140.21,99.58,101.32,108.03,90.53,130.45,103.80,90.69,92.90,105.26,107.20,125.43,108.10,104.82,87.25,147.67,147.67
2019-08-18,115.41,112.31,131.42,104.97,91.32,109.78,104.12,103.89,114.10,113.19,122.83,124.50,98.15,92.69,110.45,96.63,125.96,108.82,88.46,95.74,102.59,104.72,114.27,107.66,95.93,90.96,174.94,174.94
2019-08-25,103.70,105.19,103.19,98.60,101.71,100.43,97.59,107.43,116.42,112.90,112.28,98.62,94.91,99.83,94.03,87.08,98.91,94.78,76.10,91.41,99.63,105.63,97.79,107.74,102.68,87.91,130.47,130.47
2019-09-01,104.53,106.97,102.90,101.35,87.18,97.96,99.38,106.51,116.76,109.23,106.13,86.37,91.64,100.26,95.99,90.05,98.51,97.69,75.57,94.60,98.29,106.39,96.05,106.14,100.09,86.97,142.27,142.27
2019-09-08,105.89,105.94,106.99,105.71,106.85,98.26,99.60,107.16,115.11,113.56,109.18,90.87,89.27,99.70,100.94,88.94,104.17,105.16,78.46,93.44,99.95,107.12,100.80,106.95,101.34,87.96,175.61,175.61
2019-09-15,104.43,102.31,109.38,102.11,114.20,106.49,102.32,109.06,114.53,115.43,109.48,95.92,98.79,102.74,108.48,92.59,122.21,108.33,86.04,99.60,104.80,109.51,108.64,111.34,108.21,91.18,176.86,176.86
2019-09-22,109.18,107.66,108.22,114.63,130.68,115.93,106.99,104.91,111.31,106.18,96.83,84.79,95.87,101.55,112.14,97.01,116.90,116.93,93.59,100.04,109.30,109.68,106.70,116.96,122.96,95.53,192.13,192.13
2019-09-29,121.14,112.46,121.33,150.36,186.32,150.93,126.45,110.24,112.63,109.21,100.51,89.15,95.09,110.33,146.34,111.84,159.38,154.54,132.85,126.43,144.79,122.91,132.54,164.64,185.59,118.67,201.52,201.52
2019-10-06,100.73,103.91,100.66,91.62,75.57,97.40,92.42,107.40,115.51,109.50,102.14,89.66,94.31,102.67,93.44,89.60,99.20,91.62,79.72,100.82,102.92,105.85,99.35,108.61,110.71,94.03,75.80,75.80
2019-10-13,102.11,111.97,95.02,82.33,50.35,83.70,84.67,102.63,123.43,103.87,115.05,84.32,93.78,91.77,87.45,104.43,84.56,83.17,59.00,88.05,81.16,124.41,84.84,77.33,63.84,75.62,51.67,51.67
2019-10-20,102.78,108.83,96.49,87.93,92.32,109.30,87.16,103.80,117.09,105.11,107.10,122.97,114.59,96.33,89.06,97.45,87.46,86.14,77.99,101.25,89.60,106.90,87.18,89.11,82.70,88.90,70.13,70.13
2019-10-27,100.65,106.40,95.04,84.11,97.00,97.22,88.13,101.49,114.52,102.05,100.92,103.82,109.34,94.85,87.08,96.08,85.10,84.48,72.93,95.64,91.14,109.76,88.90,91.50,85.87,88.06,71.01,71.01
2019-11-03,98.59,104.19,94.41,86.80,70.21,98.67,85.94,101.99,115.56,103.42,101.53,104.36,115.98,94.48,89.49,94.57,87.58,88.25,76.30,100.15,92.20,107.77,87.80,92.16,90.62,90.43,69.67,69.67
2019-11-10,101.52,107.58,94.49,90.40,83.18,107.51,88.62,100.54,114.62,101.44,98.58,116.11,123.90,92.99,91.09,95.89,88.96,89.48,84.73,107.30,94.56,111.12,88.16,94.69,91.62,94.32,82.13,82.13
2019-11-17,99.04,105.02,91.67,86.77,84.17,106.34,89.71,100.63,115.24,99.85,97.14,100.13,124.61,93.98,88.68,96.67,90.83,83.03,83.89,108.60,92.21,109.61,87.56,90.27,92.07,91.46,80.56,80.56
2019-11-24,99.12,104.40,93.17,87.31,83.68,109.48,89.76,99.46,114.30,97.98,95.80,100.96,123.22,93.12,86.53,93.81,87.09,82.24,80.23,104.84,89.91,106.34,85.94,87.44,91.43,88.83,87.57,87.57
2019-12-01,103.62,108.69,95.06,97.15,101.21,111.17,92.23,101.28,114.99,98.08,100.87,102.49,133.77,96.34,90.52,98.52,90.90,86.02,83.44,109.46,102.88,119.17,93.71,104.23,112.14,97.36,95.29,95.29
2019-12-08,99.89,105.07,91.66,92.56,96.02,105.55,88.71,99.93,114.48,95.20,101.45,106.70,136.48,95.39,93.13,98.81,92.85,89.85,86.74,113.16,97.49,112.37,87.98,96.97,107.98,94.29,103.15,103.15
2019-12-15,104.21,107.51,96.57,100.05,118.13,127.79,90.73,102.38,117.06,98.79,103.21,107.08,148.08,97.00,101.73,104.38,105.62,97.71,92.68,116.50,105.20,118.66,96.36,105.70,117.29,100.08,116.54,116.54
2019-12-22,103.06,106.67,97.71,95.20,106.93,117.29,89.54,101.11,116.37,98.21,101.03,98.79,152.75,95.03,99.05,101.93,100.86,96.43,84.32,112.19,103.68,115.58,98.37,102.86,113.08,99.47,104.84,104.84
2019-12-29,123.27,128.63,123.16,106.68,94.42,121.21,98.83,104.41,115.19,101.17,110.27,108.07,163.33,100.38,121.32,121.32,132.34,116.20,93.28,117.00,116.70,123.06,119.88,119.28,121.22,106.95,93.78,93.78
2020-01-05,113.78,114.65,126.64,87.00,86.16,131.31,91.94,89.22,100.68,91.39,104.53,108.40,148.88,81.18,94.36,102.31,108.27,82.09,79.30,117.33,102.01,111.66,104.88,97.18,100.39,102.82,186.26,186.26
2020-01-12,94.39,101.02,84.35,86.02,70.48,107.40,88.31,98.45,111.21,94.49,100.16,98.15,150.11,94.15,78.82,87.70,78.90,73.77,71.19,103.31,89.81,106.27,79.85,90.75,88.21,90.52,99.73,99.73
2020-01-19,97.95,104.35,87.73,89.63,80.54,114.34,89.93,95.81,110.62,92.17,93.73,88.23,137.36,90.61,86.71,97.61,89.39,79.19,78.05,114.19,91.60,109.02,83.56,92.89,88.13,91.14,105.56,105.56
2020-01-26,98.69,104.94,88.22,87.65,78.38,151.06,90.66,98.69,115.01,93.49,91.65,87.33,190.11,93.37,87.33,96.63,85.67,79.31,76.02,169.12,103.32,120.45,90.29,102.23,97.43,110.38,84.37,84.37
2020-02-02,103.28,108.08,90.30,95.65,70.14,281.53,90.57,101.00,114.30,93.47,98.98,82.73,650.76,93.33,97.92,99.99,88.18,85.99,77.16,351.66,117.02,123.22,90.56,114.17,92.45,148.68,86.47,86.47
2020-02-09,102.28,110.13,88.95,91.18,81.05,150.50,89.32,98.62,114.61,93.38,102.59,91.09,311.15,91.74,89.17,97.74,85.60,82.83,76.81,167.09,96.48,118.06,85.19,99.95,82.87,99.19,88.33,88.33
2020-02-16,109.22,118.88,94.83,96.14,80.86,135.73,92.22,98.32,112.83,93.82,97.19,85.46,179.56,93.35,95.70,106.01,96.94,88.33,80.70,139.48,97.64,120.48,92.18,101.88,86.53,93.68,108.58,108.58
2020-02-23,100.66,106.78,90.79,94.46,78.31,129.12,88.93,98.97,115.80,94.72,102.63,90.58,147.51,92.93,90.35,97.59,89.43,86.58,76.35,117.09,103.39,124.88,95.32,109.74,92.60,99.16,93.33,93.33
2020-03-01,120.42,128.77,99.97,142.88,76.61,134.96,94.66,98.61,115.03,90.95,155.79,79.35,143.91,93.28,124.74,133.07,107.24,131.77,93.49,134.73,130.41,163.38,102.49,163.71,106.56,111.23,110.23,110.23
2020-03-08,108.09,116.41,93.37,110.34,76.35,108.96,89.85,95.80,110.80,89.99,96.57,70.27,147.59,91.74,96.63,100.81,91.35,98.10,74.05,105.75,96.61,126.61,86.91,107.31,82.09,87.23,104.09,104.09
2020-03-15,107.78,116.25,96.24,97.36,82.99,107.10,91.59,96.61,112.13,91.35,82.69,69.18,131.30,92.63,98.82,103.70,99.77,97.14,72.78,99.04,91.96,123.25,91.14,97.32,84.40,78.60,113.48,113.48
2020-03-22,104.98,111.35,98.49,93.80,82.29,101.92,90.09,97.00,111.14,94.19,89.90,77.16,153.66,91.68,96.49,98.09,97.43,96.34,75.20,91.55,91.06,117.10,91.97,95.31,87.58,77.69,123.96,123.96
2020-03-29,116.16,129.25,99.30,99.40,73.60,108.25,92.36,98.09,114.36,92.68,91.12,73.04,140.81,93.53,103.82,125.71,101.10,98.13,75.31,94.79,100.23,145.61,94.91,107.94,96.40,80.39,105.03,105.03
2020-04-05,117.45,129.25,102.90,108.43,62.93,107.43,90.20,94.81,111.37,90.27,95.19,65.03,125.92,89.51,112.45,124.89,105.58,112.75,80.06,108.16,104.56,146.48,100.65,117.30,90.27,84.24,99.63,99.63
2020-04-12,115.52,128.09,101.36,101.55,56.69,100.98,90.94,92.54,108.78,86.80,89.09,68.68,117.17,88.27,111.92,119.77,104.81,114.32,81.21,104.93,102.41,147.35,100.53,115.73,86.02,79.92,87.32,87.32
2020-04-19,115.58,127.12,103.44,102.10,55.29,103.91,93.29,92.49,108.77,87.33,89.59,62.14,125.44,87.79,109.88,111.21,108.65,111.03,79.04,110.32,98.88,140.86,102.58,109.53,81.88,76.93,84.21,84.21
2020-04-26,113.82,125.99,103.03,96.21,44.99,97.11,90.84,93.04,110.16,86.69,94.64,62.28,121.83,88.58,108.22,110.92,106.95,108.88,76.02,108.69,101.16,141.62,105.51,112.79,87.09,76.72,83.99,83.99
2020-05-03,116.03,124.71,114.35,95.98,43.87,106.67,94.78,93.69,107.35,89.63,86.20,83.58,138.08,89.47,120.42,113.05,121.52,124.21,83.71,116.73,100.95,133.95,114.46,109.85,87.32,75.72,106.86,106.86
2020-05-10,112.60,120.35,112.01,92.23,46.88,102.83,95.12,85.77,97.46,80.41,75.36,69.49,123.87,83.48,115.13,106.85,115.31,120.37,78.68,103.18,95.85,124.95,108.22,107.06,80.76,70.90,128.23,128.23
2020-05-17,108.91,116.28,105.94,92.15,54.68,105.41,93.33,92.40,102.10,89.06,82.46,74.15,132.70,89.79,110.09,102.79,116.93,108.40,77.31,136.00,95.83,122.13,104.88,106.80,85.49,72.21,123.83,123.83
2020-05-24,106.62,114.05,102.19,90.61,58.43,111.69,90.06,91.94,103.39,87.30,79.73,57.41,117.12,89.62,105.00,99.75,105.87,107.10,69.85,114.67,93.36,120.77,100.81,103.71,81.84,71.74,126.00,126.00